Sample_1,Sample_2,Sample_3
1477,1913,1492
1478,1918,1490
1478,1943,1496
1473,1874,1488
1473,1883,1484
1492,1870,1468
1473,1865,1490
1483,1906,1484
1483,1798,1485
1488,1746,1492
1478,1742,1508
1485,1686,1478
1478,1695,1502
1496,1705,1478
1477,1727,1485
1494,1695,1462
1476,1741,1483
1508,1676,1468
1485,1642,1490
1485,1540,1483
1483,1642,1497
1490,1580,1458
1490,1538,1473
1494,1567,1470
1494,1496,1480
1488,1415,1490
1490,1379,1503
1490,1417,1591
1488,1437,1730
1480,1484,2107
1506,1411,2217
1483,1396,2419
1492,1457,2280
1483,1445,1914
1503,1518,1528
1483,1361,1250
1492,1383,1104
1476,1306,1163
1504,1374,1248
1483,1401,1276
1490,1331,1273
1477,1365,1290
1490,1373,1287
1498,1424,1328
1490,1402,1326
1473,1506,1355
1483,1391,1365
1484,1366,1383
1480,1415,1379
1485,1607,1393
1470,1496,1393
1483,1473,1406
1480,1335,1409
1485,1365,1413
1483,1303,1419
1494,1428,1433
1477,1441,1437
1488,1445,1428
1477,1419,1426
1494,1407,1463
1471,1455,1460
1492,1361,1456
1478,1402,1469
1504,1453,1457
1470,1473,1478
1494,1506,1445
1483,1496,1483
1498,1424,1490
1483,1441,1503
1485,1466,1483
1480,1431,1492
1492,1428,1467
1488,1379,1485
1481,1437,1466
1483,1477,1508
1481,1439,1483
1492,1428,1488
1483,1454,1538
1485,1469,1521
1478,1490,1490
1488,1502,1474
1483,1485,1474
1488,1440,1488
1478,1404,1481
1498,1440,1604
1480,1478,1611
1488,1503,1534
1478,1544,1496
1494,1466,1535
1477,1528,1485
1488,1538,1452
1481,1463,1476
1502,1490,1441
1490,1460,1469
1483,1486,1445
1483,1557,1456
1490,1457,1440
1485,1417,1469
1485,1415,1463
1478,1453,1481
1484,1393,1455
1483,1424,1466
1483,1490,1458
1483,1440,1473
1481,1432,1480
1490,1439,1477
1481,1416,1477
1490,1445,1463
1483,1428,1463
1503,1452,1483
1478,1441,1473
1492,1445,1477
1473,1439,1473
1496,1463,1462
1477,1566,1504
1490,1611,1466
1478,1820,1494
1494,2019,1470
1483,2275,1494
1485,2381,1466
1483,2444,1492
1494,2117,1483
1496,1643,1504
1490,1281,1485
1483,1104,1490
1485,1066,1477
1483,1172,1477
1476,1222,1483
1483,1231,1483
1483,1231,1480
1494,1271,1469
1478,1287,1492
1490,1309,1463
1485,1323,1474
1478,1352,1490
1483,1333,1497
1492,1366,1468
1483,1349,1485
1496,1455,1480
1483,1381,1509
1490,1415,1477
1488,1387,1502
1531,1392,1468
1490,1393,1485
1485,1453,1483
1477,1429,1483
1494,1424,1463
1481,1419,1494
1478,1455,1484
1481,1547,1502
1483,1516,1471
1490,1494,1457
1483,1471,1441
1481,1597,1481
1473,1432,1477
1492,1557,1624
1483,1562,1682
1494,1531,1565
1477,1508,1514
1492,1462,1469
1476,1484,1460
1494,1561,1443
1490,1623,1473
1521,1592,1419
1526,1617,1455
1552,1592,1444
1583,1544,1485
1600,1566,1485
1555,1518,1501
1514,1588,1486
1456,1572,1490
1443,1521,1469
1456,1456,1463
1453,1504,1548
1462,1643,1590
1458,1611,1566
1468,1557,1513
1462,1478,1466
1462,1341,1488
1463,1374,1504
1478,1377,1492
1468,1443,1569
1477,1428,1460
1473,1443,1492
1485,1439,1494
1477,1443,1506
1483,1401,1466
1477,1383,1444
1490,1404,1440
1478,1430,1463
1485,1443,1437
1476,1456,1463
1492,1417,1483
1478,1383,1485
1490,1411,1502
1483,1497,1483
1492,1393,1457
1494,1456,1478
1483,1424,1490
1485,1422,1473
1478,1419,1480
1488,1462,1462
1483,1478,1470
1485,1585,1477
1476,1478,1621
1497,1462,1572
1480,1411,1860
1492,1437,2272
1483,1430,2471
1504,1463,2612
1480,1497,2337
1496,1526,1775
1483,1504,1273
1506,1490,1148
1490,1432,1109
1506,1437,1157
1490,1463,1225
1508,1496,1223
1490,1544,1273
1492,1460,1249
1483,1483,1300
1490,1441,1352
1485,1432,1331
1478,1454,1351
1483,1609,1351
1480,1480,1379
1490,1492,1370
1483,1516,1388
1473,1473,1373
1480,1466,1396
1488,1514,1375
1468,1469,1445
1488,1506,1419
1478,1488,1419
1494,1462,1403
1473,1432,1428
1483,1478,1458
1477,1463,1428
1494,1490,1439
1480,1467,1441
1490,1478,1426
1477,1477,1483
1494,1488,1513
1478,1503,1485
1483,1509,1503
1478,1622,1460
1490,1535,1433
1483,1577,1468
1483,1508,1579
1483,1595,1559
1488,1443,1544
1488,1458,1455
1483,1455,1470
1483,1443,1494
1478,1419,1516
1494,1453,1604
1478,1481,1759
1484,1473,1565
1485,1445,1516
1504,1469,1521
1476,1456,1582
1492,1481,1433
1477,1463,1480
1498,1471,1404
1480,1469,1494
1492,1478,1484
1480,1477,1569
1496,1470,1642
1488,1506,1469
1490,1529,1419
1483,1735,1411
1494,1925,1419
1488,2279,1413
1483,2504,1417
1478,2610,1433
1483,2225,1411
1494,1723,1432
1484,1316,1483
1490,1108,1441
1485,1061,1452
1492,1184,1445
1473,1215,1439
1488,1231,1445
1478,1231,1433
1503,1274,1456
1483,1284,1463
1494,1315,1502
1477,1311,1469
1497,1331,1490
1481,1331,1484
1488,1357,1432
1483,1361,1463
1494,1369,1468
1478,1375,1483
1488,1393,1469
1485,1424,1474
1494,1406,1462
1492,1406,1478
1492,1411,1457
1480,1439,1483
1490,1428,1453
1488,1444,1483
1485,1492,1490
1485,1463,1508
1480,1455,1481
1492,1441,1494
1477,1498,1478
1483,1452,1477
1477,1483,1513
1494,1463,1488
1478,1469,1490
1506,1462,1466
1485,1474,1433
1506,1567,1609
1480,1543,1529
1494,1518,1485
1497,1557,1466
1496,1502,1452
1494,1478,1490
1478,1557,1463
1490,1580,1526
1492,1553,1477
1496,1611,1488
1492,1590,1473
1483,1634,1490
1492,1521,1460
1504,1506,1478
1490,1620,1469
1481,1529,1557
1480,1432,1483
1494,1478,1504
1474,1509,1518
1483,1480,1483
1477,1477,1490
1485,1444,1473
1473,1381,1477
1490,1379,1457
1483,1401,1480
1503,1433,1477
1477,1404,1534
1490,1406,1544
1480,1417,1494
1494,1413,1478
1487,1413,1474
1492,1445,1456
1485,1454,1485
1490,1422,1494
1494,1437,1504
1490,1468,1483
1508,1463,1543
1557,1455,1485
1630,1445,1518
1643,1545,1483
1630,1494,1474
1557,1468,1548
1490,1503,1485
1424,1455,1513
1416,1478,1470
1430,1455,1494
1466,1473,1490
1445,1506,1496
1462,1485,1480
1454,1473,1460
1478,1468,1467
1456,1456,1504
1469,1476,1469
1455,1474,1452
1483,1468,1468
1463,1467,1473
1483,1467,1453
1467,1484,1474
1478,1478,1454
1473,1473,1469
1478,1474,1463
1485,1477,1477
1494,1469,1498
1490,1478,1526
1478,1485,1761
1478,1483,2012
1476,1474,2113
1496,1487,2386
1483,1460,2351
1483,1516,1840
1477,1452,1521
1488,1498,1249
1483,1478,1156
1488,1488,1201
1477,1473,1276
1506,1477,1268
1488,1469,1289
1508,1473,1299
1480,1483,1317
1506,1521,1325
1492,1478,1352
1492,1490,1335
1496,1496,1373
1504,1480,1377
1498,1543,1393
1487,1504,1387
1483,1533,1404
1483,1494,1395
1496,1483,1406
1490,1521,1424
1496,1535,1433
1504,1498,1401
1506,1474,1469
1478,1548,1445
1488,1483,1413
1490,1441,1445
1506,1458,1433
1483,1456,1506
1490,1468,1463
1483,1457,1456
1494,1464,1452
1473,1460,1463
1483,1474,1455
1468,1468,1518
1494,1462,1592
1483,1469,1543
1492,1474,1506
1483,1490,1481
1485,1468,1549
1483,1480,1572
1473,1474,1548
1474,1628,1519
1476,1647,1455
1480,1886,1470
1474,2228,1441
1480,2463,1527
1478,2487,1543
1490,2246,1467
1483,1870,1629
1490,1441,1463
1471,1175,1480
1490,1089,1496
1478,1129,1516
1498,1222,1474
1485,1222,1578
1504,1239,1647
1483,1251,1534
1490,1285,1437
1478,1292,1417
1494,1312,1411
1485,1323,1454
1492,1340,1468
1477,1361,1458
1496,1361,1432
1481,1365,1428
1485,1377,1428
1490,1391,1433
1490,1390,1437
1497,1393,1469
1483,1404,1443
1478,1462,1460
1468,1428,1441
1478,1463,1445
1470,1437,1462
1490,1437,1466
1480,1428,1456
1498,1462,1452
1477,1440,1473
1483,1458,1463
1480,1469,1469
1504,1468,1463
1483,1457,1483
1504,1463,1463
1490,1483,1462
1498,1526,1464
1485,1483,1494
1481,1456,1488
1477,1503,1514
1494,1497,1480
1490,1470,1478
1485,1557,1467
1477,1592,1513
1474,1535,1483
1478,1545,1498
1483,1535,1483
1488,1580,1478
1488,1531,1480
1494,1565,1478
1486,1540,1492
1484,1490,1457
1480,1538,1478
1503,1498,1460
1478,1498,1480
1488,1424,1466
1481,1428,1483
1502,1441,1483
1477,1441,1584
1490,1411,1488
1467,1426,1503
1494,1477,1452
1506,1416,1463
1477,1432,1463
1478,1419,1466
1503,1422,1478
1498,1429,1490
1490,1441,1474
1488,1453,1497
1480,1440,1483
1490,1445,1485
1478,1529,1484
1477,1478,1485
1483,1456,1470
1508,1460,1477
1480,1439,1483
1494,1462,1488
1478,1462,1483
1494,1468,1478
1474,1462,1474
1490,1468,1488
1483,1498,1483
1504,1473,1483
1481,1470,1492
1488,1470,1470
1477,1466,1490
1503,1467,1568
1485,1473,1516
1485,1471,1521
1473,1478,1502
1490,1473,1453
1480,1473,1488
1483,1478,1483
1480,1492,1485
1488,1468,1469
1490,1478,1471
1478,1469,1460
1478,1490,1468
1490,1468,1473
1506,1485,1492
1508,1474,1492
1561,1492,1455
1585,1468,1456
1666,1492,1455
1635,1468,1492
1565,1490,1478
1494,1480,1466
1454,1484,1452
1419,1477,1477
1443,1488,1453
1441,1483,1483
1463,1478,1538
1452,1473,1582
1464,1478,1837
1445,1483,2124
1473,1480,2308
1466,1481,2386
1460,1480,2242
1460,1485,1815
1466,1485,1415
1477,1468,1170
1466,1573,1118
1468,1519,1209
1463,1492,1236
1477,1502,1234
1477,1474,1248
1477,1506,1281
1473,1466,1305
1488,1523,1336
1468,1470,1338
1494,1490,1351
1478,1470,1357
1490,1483,1374
1483,1473,1382
1484,1485,1377
1476,1474,1379
1503,1480,1387
1483,1483,1411
1483,1490,1462
1483,1484,1462
1492,1476,1443
1494,1469,1445
1492,1473,1428
1483,1477,1450
1488,1477,1440
1490,1483,1462
1504,1476,1454
1485,1508,1462
1503,1560,1462
1499,1674,1450
1490,1990,1548
1494,2161,1468
1488,2325,1483
1504,2359,1474
1484,2116,1557
1508,1641,1506
1509,1315,1535
1498,1160,1490
1490,1133,1490
1490,1223,1474
1477,1254,1590
1494,1261,1514
1485,1276,1521
1490,1302,1496
1469,1325,1474
1483,1325,1577
1481,1341,1518
1467,1351,1664
1470,1375,1569
1477,1366,1513
1483,1388,1478
1488,1390,1444
1478,1424,1527
1474,1401,1521
1483,1416,1494
1468,1430,1483
1485,1441,1428
1477,1430,1395
1488,1445,1419
1478,1428,1441
1485,1456,1441
1473,1441,1433
1494,1453,1441
1481,1454,1462
1503,1468,1428
1483,1480,1457
1502,1473,1455
1488,1481,1457
1485,1467,1445
1485,1463,1468
1490,1490,1471
1490,1477,1471
1483,1516,1462
1480,1583,1470
1483,1488,1456
1492,1485,1473
1483,1531,1470
1483,1607,1477
1483,1516,1463
1496,1583,1476
1477,1490,1455
1492,1468,1462
1483,1454,1467
1496,1529,1463
1483,1533,1492
1494,1615,1470
1474,1528,1689
1508,1537,1521
1480,1548,1547
1492,1463,1476
1480,1457,1445
1496,1428,1463
1483,1400,1498
1488,1404,1460
1478,1443,1477
1488,1432,1464
1492,1432,1483
1480,1440,1478
1486,1443,1492
1490,1433,1473
1496,1440,1453
1483,1433,1457
1490,1463,1492
1483,1445,1492
1485,1458,1498
1473,1441,1468
1483,1473,1437
1477,1456,1442
1498,1473,1595
1481,1462,1574
1494,1469,1557
1483,1469,1503
1503,1474,1488
1483,1458,1483
1492,1485,1488
1483,1470,1483
1498,1473,1462
1488,1467,1490
1492,1478,1464
1478,1483,1483
1496,1478,1473
1485,1470,1480
1488,1468,1480
1477,1492,1490
1488,1477,1480
1488,1485,1483
1483,1478,1468
1474,1497,1478
1478,1468,1458
1494,1503,1483
1470,1473,1483
1490,1504,1490
1490,1477,1488
1503,1478,1483
1478,1468,1494
1492,1488,1496
1483,1480,1490
1508,1488,1483
1485,1477,1533
1502,1490,1478
1483,1514,1469
1503,1474,1470
1488,1492,1555
1502,1483,1559
1488,1473,1543
1504,1477,1519
1496,1483,1471
1486,1480,1480
1483,1538,1490
1478,1488,1462
1483,1496,1483
1483,1474,1480
1483,1498,1473
1478,1478,1468
1492,1492,1445
1488,1490,1447
1488,1498,1466
1488,1508,1471
1490,1506,1498
1477,1483,1523
1490,1485,1816
1483,1546,1978
1503,1531,2330
1490,1496,2453
1524,1481,2359
1569,1474,2104
1632,1476,1711
1666,1467,1365
1666,1473,1162
1582,1480,1122
1509,1471,1170
1454,1470,1231
1422,1468,1255
1415,1483,1273
1432,1468,1294
1452,1483,1315
1441,1476,1331
1453,1496,1344
1460,1488,1339
1468,1473,1353
1453,1494,1374
1458,1506,1387
1460,1595,1362
1477,1860,1393
1462,2190,1396
1477,2309,1388
1466,2432,1393
1488,2296,1404
1462,1921,1439
1469,1419,1419
1474,1220,1437
1490,1112,1430
1477,1166,1483
1480,1220,1455
1473,1251,1463
1485,1237,1443
1488,1265,1452
1478,1279,1504
1477,1316,1492
1480,1316,1466
1492,1341,1468
1484,1351,1483
1488,1366,1529
1477,1365,1526
1496,1387,1561
1483,1370,1494
1496,1409,1458
1486,1403,1544
1501,1424,1504
1480,1419,1617
1504,1432,1555
1473,1428,1519
1514,1433,1526
1497,1427,1555
1506,1457,1516
1501,1453,1543
1496,1456,1483
1496,1428,1591
1497,1455,1504
1477,1494,1529
1503,1466,1514
1514,1473,1467
1492,1460,1454
1478,1572,1426
1474,1467,1452
1485,1565,1419
1483,1502,1433
1474,1590,1439
1488,1467,1424
1502,1516,1490
1477,1574,1441
1483,1508,1466
1483,1544,1468
1490,1569,1432
1468,1553,1513
1490,1533,1460
1463,1492,1455
1490,1622,1440
1468,1528,1455
1483,1469,1445
1476,1506,1462
1492,1529,1477
1483,1415,1484
1483,1526,1462
1478,1544,1439
1492,1393,1456
1483,1457,1469
1483,1455,1543
1477,1404,1526
1483,1385,1504
1502,1413,1485
1483,1407,1455
1483,1428,1516
1483,1406,1483
1478,1439,1490
1478,1428,1468
1483,1437,1470
1478,1440,1476
1498,1455,1502
1474,1469,1483
1494,1416,1473
1477,1468,1474
1503,1462,1469
1483,1443,1480
1502,1455,1453
1483,1463,1484
1504,1469,1503
1478,1444,1508
1492,1483,1478
1478,1508,1470
1503,1445,1492
1498,1455,1504
1470,1526,1483
1474,1502,1509
1474,1473,1473
1502,1469,1468
1483,1456,1468
1494,1478,1483
1483,1468,1474
1490,1478,1494
1468,1463,1494
1480,1483,1496
1473,1469,1483
1492,1478,1485
1478,1470,1483
1494,1488,1483
1473,1487,1473
1504,1483,1478
1474,1462,1488
1496,1488,1473
1485,1478,1481
1499,1476,1477
1478,1473,1560
1494,1478,1471
1490,1485,1521
1492,1483,1555
1483,1462,1480
1490,1508,1483
1478,1490,1643
1485,1473,1609
1496,1478,1580
1473,1481,1595
1483,1490,1533
1480,1470,1477
1506,1483,1456
1483,1473,1466
1477,1494,1454
1478,1468,1428
1490,1492,1442
1474,1523,1445
1490,1494,1504
1476,1566,1452
1498,1508,1494
1485,1490,1468
1496,1488,1444
1483,1607,1456
1503,1508,1457
1496,1518,1468
1503,1484,1452
1494,1636,1477
1492,1473,1466
1513,1494,1569
1488,1483,1641
1484,1457,1915
1492,1456,2153
1490,1469,2296
1478,1463,2372
1477,1477,2303
1477,1455,1924
1490,1478,1513
1469,1462,1223
1488,1478,1103
1483,1460,1101
1498,1477,1184
1473,1466,1276
1490,1474,1241
1483,1470,1289
1503,1471,1380
1488,1494,1352
1490,1557,1325
1483,1798,1317
1492,2024,1338
1485,2249,1385
1523,2465,1379
1595,2519,1379
1646,2223,1388
1681,1753,1365
1677,1361,1363
1624,1109,1403
1535,1086,1415
1469,1184,1409
1416,1207,1402
1415,1231,1468
1419,1228,1494
1432,1289,1437
1429,1281,1478
1447,1313,1529
1441,1309,1474
1463,1335,1545
1445,1331,1513
1462,1366,1481
1444,1365,1466
1483,1379,1480
1466,1386,1508
1492,1400,1506
1473,1396,1595
1488,1407,1538
1473,1412,1591
1498,1441,1477
1496,1445,1497
1473,1432,1428
1469,1430,1453
1456,1424,1521
1458,1492,1642
1471,1445,1665
1492,1468,1568
1483,1470,1521
1498,1468,1543
1483,1483,1569
1496,1483,1583
1477,1516,1611
1478,1546,1578
1477,1544,1474
1503,1588,1492
1474,1496,1496
1506,1518,1454
1508,1534,1366
1519,1516,1393
1521,1521,1428
1498,1531,1379
1519,1671,1377
1508,1580,1344
1503,1557,1374
1513,1580,1387
1524,1546,1483
1513,1512,1548
1494,1528,1488
1466,1555,1452
1469,1592,1406
1504,1506,1473
1535,1492,1428
1512,1490,1422
1519,1492,1417
1513,1432,1583
1529,1444,1424
1468,1416,1485
1480,1406,1473
1469,1409,1406
1483,1440,1424
1455,1430,1439
1468,1401,1422
1460,1401,1427
1478,1417,1488
1469,1406,1490
1473,1428,1494
1460,1428,1523
1486,1445,1588
1488,1477,1477
1487,1432,1441
1469,1463,1526
1476,1443,1502
1474,1453,1569
1469,1456,1485
1466,1473,1430
1462,1452,1428
1494,1455,1462
1480,1502,1417
1490,1514,1457
1494,1460,1441
1521,1498,1466
1506,1473,1527
1497,1462,1488
1474,1469,1485
1473,1473,1463
1453,1445,1467
1503,1469,1474
1490,1506,1485
1496,1477,1455
1466,1474,1483
1463,1457,1468
1478,1494,1508
1498,1463,1468
1496,1477,1497
1494,1466,1466
1468,1441,1474
1468,1470,1469
1477,1430,1467
1477,1506,1453
1470,1535,1527
1514,1454,1468
1509,1477,1509
1485,1473,1462
1468,1519,1509
1466,1463,1509
1492,1494,1543
1478,1488,1566
1496,1470,1642
1490,1469,1478
1504,1490,1538
1469,1466,1513
1483,1519,1584
1483,1445,1490
1498,1514,1424
1498,1478,1486
1490,1478,1422
1462,1485,1456
,1485,1441
,1457,1490
,1490,1433
,1477,1468
,1469,1457
,1469,1460
,1483,1445
,1494,1462
,1468,1444
,1490,1476
,1504,1473
,1533,1470
,1490,1488
,1488,1478
,1580,1664
,1545,1884
,1513,2035
,1569,2238
,1445,2458
,1545,2284
,1521,2037
,1544,1557
,1513,1251
,1518,1073
,1492,1122
,1478,1228
,1427,1239
,1441,1251
,1464,1251
,1441,1268
,1439,1305
,1548,1289
,1514,1352
,1483,1331
,1462,1355
,1441,1352
,1483,1370
,1453,1393
,1471,1396
,1455,1494
,1557,1453
,1604,1413
,1785,1409
,2014,1402
,2223,1412
,2491,1412
,2557,1467
,2238,1508
,1875,1452
,1351,1584
,1162,1503
,1069,1506
,1140,1424
,1189,1413
,1199,1427
,1204,1508
,1248,1615
,1303,1555
,1276,1544
,1299,1531
,1306,1595
,1338,1637
,1312,1647
,1361,1583
,1355,1543
,1385,1555
,1411,1608
,1396,1566
,1419,1664
,1393,1595
,1406,1569
,1411,1502
,1428,1634
,1393,1442
,1498,1543
,1526,1428
,1466,1514
,1480,1457
,1492,1506
,1426,1476
,1480,1396
,1473,1401
,1624,1352
,1483,1362
,1490,1422
,1527,1396
,1569,1402
,1545,1456
,1565,1383
,1621,1406
,1560,1466
,1548,1417
,1568,1422
,1619,1440
,1580,1428
,1593,1445
,1592,1591
,1541,1561
,1557,1484
,1555,1463
,1534,1387
,1533,1417
,1444,1439
,1531,1469
,1477,1480
,1369,1521
,1404,1526
,1477,1504
,1424,1490
,1385,1432
,1458,1432
,1370,1504
,1383,1467
,1391,1467
,1415,1453
,1385,1534
,1396,1478
,1415,1492
,1400,1529
,1412,1506
,1488,1471
,1441,1490
,1483,1457
,1426,1433
,1490,1456
,1456,1456
,1427,1457
,1464,1494
,1469,1474
,1460,1468
,1468,1469
,1428,1428
,1483,1466
,1426,1478
,1494,1486
,1498,1468
,1506,1514
,1445,1579
,1513,1494
,1480,1535
,1457,1468
,1471,1506
,1490,1469
,1469,1470
,1506,1453
,1538,1492
,1516,1455
,1462,1591
,1453,1485
,1456,1441
,1463,1559
,1513,1573
,1503,1607
,1536,1560
,1535,1509
,1480,1518
,1462,1440
,1462,1516
,1441,1483
,1457,1455
,1502,1413
,1498,1385
,1473,1416
,1463,1455
,1552,1413
,1513,1440
,1490,1424
,1488,1442
,1441,1445
,1470,1441
,1484,1439
,1478,1445
,1477,1488
,1478,1524
,1498,1575
,1483,1828
,1483,2246
,1470,2280
,1490,2396
,1483,2421
,1466,2100
,1557,1684
,1506,1287
,1518,1118
,1540,1086
,1569,1125
,1531,1188
,1569,1198
,1569,1234
,1553,1239
,1485,1299
,1456,1267
,1531,1318
,1476,1323
,1483,1323
,1429,1330
,1445,1463
,1439,1457
,1452,1432
,1432,1379
,1456,1362
,1467,1424
,1458,1396
,1458,1415
,1458,1406
,1456,1416
,1455,1402
,1521,1424
,1463,1419
,1477,1478
,1544,1428
,1636,1494
,1730,1462
,1925,1483
,2200,1535
,2299,1592
,2334,1569
,2203,1490
,1823,1544
,1339,1508
,1173,1531
,1101,1578
,1153,1538
,1228,1452
,1251,1413
,1251,1555
,1285,1548
,1316,1624
,1313,1611
,1316,1635
,1323,1573
,1338,1559
,1365,1504
,1345,1595
,1387,1494
,1390,1483
,1439,1485
,1396,1483
,1431,1370
,1393,1469
,1416,1428
,1432,1359
,1490,1366
,1513,1404
,1441,1351
,1490,1380
,1519,1406
,1433,1385
,1432,1379
,1454,1422
,1433,1473
,1486,1456
,1529,1411
,1546,1415
,1471,1406
,1533,1513
,1531,1430
,1560,1516
,1494,1508
,1559,1443
,1591,1430
,1658,1490
,1566,1512
,1590,1573
,1609,1456
,1560,1468
,1578,1407
,1590,1428
,1546,1437
,1452,1488
,1492,1455
,1544,1429
,1508,1457
,1506,1443
,1535,1430
,1428,1480
,1370,1566
,1369,1483
,1388,1476
,1395,1478
,1411,1504
,1395,1504
,1424,1494
,1365,1455
,1417,1492
,1432,1485
,1445,1488
,1409,1462
,1404,1469
,1403,1468
,1463,1469
,1419,1466
,1445,1478
,1430,1533
,1430,1483
,1432,1463
,1453,1490
,1437,1467
,1445,1478
,1462,1471
,1445,1469
,1455,1514
,1471,1474
,1526,1458
,1473,1477
,1458,1477
,1428,1452
,1496,1513
,1462,1488
,1470,1490
,1460,1466
,1477,1478
,1464,1474
,1474,1490
,1462,1468
,1492,1490
,1463,1508
,1485,1518
,1460,1580
,1473,1521
,1483,1498
,1492,1504
,1466,1456
,1496,1508
,1502,1471
,1490,1502
,1473,1526
,1473,1453
,1473,1443
,1462,1470
,1455,1498
,1466,1440
,1484,1494
,1460,1467
,1474,1474
,1494,1456
,1494,1462
,1470,1462
,1498,1474
,1509,1452
,1477,1473
,1480,1469
,1490,1477
,1538,1545
,1494,1700
,1526,2039
,1543,2246
,1483,2504
,1478,2422
,1445,2167
,1503,1738
,1516,1328
,1533,1133
,1521,1083
,1492,1162
,1432,1222
,1469,1228
,1473,1251
,1455,1260
,1462,1302
,1462,1302
,1478,1325
,1457,1326
,1474,1353
,1503,1349
,1485,1369
,1480,1366
,1478,1385
,1462,1490
,1477,1442
,1478,1437
,1529,1403
,1485,1413
,1734,1411
,2012,1455
,2192,1457
,2377,1466
,2351,1452
,2167,1419
,1674,1432
,1325,1498
,1137,1431
,1122,1526
,1184,1492
,1236,1526
,1253,1513
,1275,1483
,1284,1457
,1317,1463
,1313,1443
,1339,1508
,1338,1621
,1357,1564
,1365,1641
,1385,1684
,1416,1604
,1393,1583
,1406,1628
,1411,1561
,1411,1543
,1413,1596
,1437,1557
,1428,1538
,1460,1498
,1430,1474
,1439,1488
,1441,1375
,1443,1365
,1439,1373
,1440,1433
,1469,1437
,1513,1443
,1476,1416
,1496,1400
,1521,1383
,1445,1457
,1599,1444
,1548,1441
,1518,1426
,1443,1445
,1557,1430
,1518,1456
,1584,1462
,1538,1413
,1557,1441
,1534,1456
,1548,1463
,1483,1441
,1597,1457
,1583,1457
,1488,1466
,1514,1453
,1543,1458
,1473,1456
,1470,1478
,1477,1456
,1483,1485
,1415,1514
,1411,1506
,1370,1464
,1412,1478
,1402,1494
,1430,1509
,1440,1494
,1427,1469
,1422,1462
,1424,1480
,1428,1494
,1439,1473
,1442,1469
,1445,1470
,1437,1468
,1443,1473
,1462,1464
,1455,1463
,1463,1480
,1469,1470
,1480,1483
,1453,1478
,1462,1480
,1457,1470
,1478,1560
,1455,1492
,1474,1508
,1462,1473
,1483,1583
,1469,1503
,1494,1506
,1470,1498
,1488,1473
,1474,1480
,1478,1488
,1528,1480
,1481,1468
,1494,1474
,1477,1488
,1460,1483
,1474,1483
,1494,1483
,1473,1463
,1478,1531
,1470,1463
,1483,1508
,1476,1476
,1483,1483
,1473,1457
,1492,1494
,1473,1483
,1488,1494
,1518,1478
,1512,1490
,1483,1483
,1492,1478
,1466,1565
,1494,1529
,1478,1502
,1483,1463
,1476,1514
,1485,1483
,1492,1477
,1488,1456
,1478,1455
,1473,1440
,1477,1477
,1478,1467
,1483,1485
,1528,1480
,1566,1478
,1504,1474
,1504,1492
,1469,1454
,1504,1483
,1492,1467
,1513,1504
,1533,1485
,1492,1468
,1509,1473
,1508,1580
,1477,1738
,1474,2032
,1460,2188
,1463,2287
,1462,2269
,1476,1874
,1469,1538
,1470,1263
,1469,1162
,1478,1188
,1480,1263
,1473,1267
,1474,1290
,1469,1303
,1478,1300
,1485,1323
,1584,1344
,1718,1339
,1927,1431
,2204,1390
,2359,1422
,2465,1383
,2260,1393
,1838,1396
,1411,1411
,1188,1411
,1097,1416
,1149,1403
,1222,1432
,1260,1442
,1241,1547
,1265,1497
,1285,1518
,1336,1544
,1323,1419
,1344,1488
,1331,1483
,1351,1478
,1357,1419
,1377,1442
,1377,1430
,1402,1445
,1383,1441
,1445,1458
,1386,1560
,1456,1557
,1411,1565
,1443,1609
,1445,1526
,1452,1526
,1483,1512
,1453,1583
,1440,1419
,1485,1512
,1419,1468
,1468,1643
,1564,1476
,1538,1538
,1624,1469
,1533,1419
,1615,1607
,1497,1545
,1565,1572
,1541,1433
,1583,1521
,1514,1508
,1610,1441
,1596,1467
,1681,1379
,1548,1424
,1596,1494
,1552,1412
,1533,1442
,1531,1406
,1693,1390
,1548,1409
,1504,1441
,1492,1419
,1566,1428
,1494,1452
,1417,1469
,1442,1445
,1406,1441
,1452,1453
,1403,1442
,1456,1428
,1401,1437
,1317,1455
,1467,1514
,1428,1457
,1393,1526
,1419,1504
,1483,1444
,1466,1527
,1440,1535
,1401,1490
,1428,1456
,1406,1458
,1444,1473
,1441,1474
,1443,1463
,1370,1463
,1478,1452
,1528,1445
,1503,1471
,1458,1485
,1463,1526
,1477,1496
,1492,1485
,1485,1426
,1529,1453
,1478,1579
,1440,1584
,1529,1502
,1547,1488
,1535,1439
,1503,1445
,1439,1443
,1483,1555
,1452,1497
,1483,1526
,1452,1468
,1406,1441
,1483,1531
,1478,1508
,1504,1473
,1509,1514
,1513,1452
,1503,1455
,1455,1478
,1453,1483
,1508,1480
,1462,1466
,1488,1469
,1528,1441
,1528,1460
,1485,1445
,1428,1528
,1453,1470
,1492,1518
,1508,1483
,1445,1469
,1445,1453
,1477,1466
,1444,1483
,1531,1534
,1492,1477
,1439,1496
,1591,1467
,1496,1457
,1490,1471
,1504,1560
,1502,1578
,1483,1545
,1470,1596
,1503,1468
,1649,1457
,1577,1469
,1540,1455
,1540,1442
,1533,1516
,1486,1480
,1471,1519
,1483,1462
,1531,1454
,1509,1452
,1529,1469
,1492,1453
,1513,1455
,1455,1455
,1483,1480
,1463,1431
,1492,1492
,1393,1462
,1430,1456
,1409,1469
,1363,1471
,1445,1473
,1478,1492
,1441,1534
,1371,1526
,1428,1666
,1467,1798
,1533,2155
,1709,2235
,1955,2524
,2188,2335
,2412,1941
,2580,1396
,2386,1166
,2003,1078
,1533,1172
,1209,1224
,1050,1258
,1055,1237
,1188,1280
,1170,1289
,1162,1319
,1278,1328
,1275,1357
,1272,1336
,1292,1353
,1292,1361
,1361,1373
,1343,1379
,1328,1402
,1365,1400
,1402,1422
,1391,1497
,1361,1428
,1462,1428
,1373,1411
,1428,1430
,1415,1417
,1521,1445
,1379,1455
,1527,1456
,1452,1443
,1533,1509
,1406,1544
,1519,1584
,1415,1553
,1477,1580
,1513,1503
,1478,1483
,1577,1443
,1513,1513
,1544,1455
,1533,1543
,1595,1592
,1523,1535
,1565,1516
,1592,1480
,1555,1513
,1628,1508
,1658,1642
,1607,1641
,1607,1674
,1609,1508
,1642,1490
,1508,1521
,1498,1506
,1519,1455
,1597,1430
,1422,1377
,1508,1492
,1393,1373
,1424,1460
,1445,1468
,1450,1440
,1433,1424
,1352,1430
,1396,1411
,1379,1490
,1377,1483
,1374,1453
,1458,1437
,1374,1427
,1339,1462
,1365,1456
,1513,1433
,1413,1456
,1455,1457
,1428,1455
,1490,1460
,1355,1443
,1411,1469
,1432,1456
,1445,1466
,1483,1531
,1457,1502
,1529,1529
,1455,1504
,1497,1508
,1433,1470
,1545,1447
,1385,1478
,1498,1528
,1474,1488
,1445,1480
,1440,1474
,1535,1444
,1469,1463
,1483,1477
,1483,1470
,1455,1470
,1494,1469
,1387,1477
,1518,1478
,1543,1503
,1406,1494
,1483,1504
,1508,1477
,1483,1474
,1466,1462
,1456,1478
,1441,1509
,1503,1503
,1452,1483
,1483,1485
,1404,1468
,1437,1506
,1445,1476
,1477,1502
,1494,1457
,1433,1464
,1457,1468
,1393,1496
,1463,1533
,1411,1483
,1514,1504
,1441,1467
,1428,1469
,1462,1463
,1483,1477
,1483,1613
,1452,1514
,1508,1508
,1452,1478
,1416,1463
,1443,1490
,1488,1456
,1445,1468
,1490,1453
,1504,1474
,1483,1471
,1470,1566
,1555,1521
,1573,1512
,1519,1477
,1494,1478
,1548,1468
,1552,1483
,1540,1483
,1521,1480
,1529,1518
,1508,1473
,1437,1521
,1490,1490
,1528,1478
,1396,1526
,1416,1555
,1488,1474
,1396,1496
,1445,1494
,1478,1483
,1413,1478
,1488,1564
,1471,1572
,1455,1516
,1426,1543
,1411,1496
,1422,1455
,1419,1477
,1430,1456
,1508,1463
,1686,1464
,1867,1477
,2076,1468
,2328,1469
,2465,1468
,2430,1466
,2078,1473
,1732,1456
,1275,1466
,1108,1540
,1071,1666
,1175,1702
,1191,1987
,1204,2186
,1222,2464
,1251,2480
,1239,2252
,1323,1881
,1300,1362
,1299,1153
,1323,1099
,1351,1133
,1338,1209
,1416,1209
,1379,1239
,1404,1239
,1426,1281
,1338,1297
,1377,1325
,1477,1317
,1383,1352
,1443,1351
,1453,1349
,1490,1357
,1430,1379
,1474,1393
,1462,1381
,1437,1409
,1416,1428
,1456,1437
,1518,1424
,1543,1430
,1564,1422
,1607,1437
,1557,1462
,1513,1443
,1572,1512
,1578,1440
,1533,1503
,1560,1473
,1610,1441
,1544,1469
,1609,1557
,1597,1526
,1648,1578
,1557,1504
,1572,1485
,1543,1473
,1508,1433
,1519,1531
,1544,1503
,1538,1565
,1521,1607
,1427,1642
,1478,1693
,1437,1518
,1419,1552
,1426,1518
,1392,1480
,1369,1528
,1341,1509
,1388,1492
,1416,1428
,1385,1385
,1366,1383
,1442,1387
,1370,1454
,1463,1445
,1401,1445
,1426,1422
,1391,1401
,1393,1506
,1455,1439
,1490,1456
,1424,1427
,1428,1428
,1419,1424
,1433,1441
,1433,1441
,1463,1457
,1441,1437
,1504,1462
,1473,1452
,1492,1468
,1455,1445
,1445,1462
,1470,1456
,1467,1480
,1443,1474
,1445,1478
,1460,1466
,1445,1494
,1483,1477
,1521,1481
,1468,1458
,1456,1468
,1460,1478
,1516,1504
,1545,1518
,1468,1477
,1488,1496
,1445,1469
,1462,1468
,1452,1470
,1477,1492
,1467,1468
,1485,1476
,1456,1462
,1494,1492
,1490,1474
,1483,1496
,1484,1483
,1473,1483
,1460,1503
,1457,1488
,1473,1484
,1470,1478
,1468,1471
,1478,1469
,1543,1478
,1485,1477
,1483,1543
,1476,1497
,1477,1490
,1470,1463
,1483,1483
,1478,1454
,1485,1483
,1476,1552
,1508,1519
,1455,1503
,1519,1478
,1503,1460
,1521,1498
,1497,1513
,1494,1488
,1490,1474
,1483,1490
,1473,1473
,1474,1483
,1519,1477
,1487,1488
,1478,1484
,1468,1474
,1474,1477
,1466,1483
,1462,1490
,1516,1477
,1494,1483
,1473,1504
,1468,1504
,1460,1488
,1485,1477
,1463,1478
,1474,1544
,1469,1579
,1490,1545
,1478,1526
,1529,1494
,1662,1456
,1723,1508
,2024,1483
,2217,1492
,2422,1469
,2311,1492
,2002,1462
,1560,1492
,1260,1481
,1108,1468
,1151,1469
,1222,1473
,1233,1478
,1249,1468
,1286,1477
,1278,1478
,1311,1488
,1316,1483
,1352,1480
,1339,1473
,1370,1492
,1366,1477
,1391,1490
,1383,1684
,1401,1914
,1407,2204
,1430,2443
,1419,2432
,1428,2063
,1424,1658
,1454,1326
,1441,1137
,1442,1140
,1443,1236
,1455,1261
,1460,1260
,1496,1276
,1457,1303
,1521,1309
,1483,1316
,1470,1340
,1490,1361
,1597,1352
,1535,1380
,1548,1386
,1528,1411
,1476,1397
,1504,1406
,1452,1407
,1555,1430
,1529,1419
,1548,1444
,1616,1437
,1527,1445
,1546,1440
,1509,1460
,1649,1445
,1592,1469
,1485,1492
,1564,1469
,1478,1467
,1514,1471
,1463,1470
,1490,1469
,1434,1478
,1400,1518
,1432,1497
,1439,1468
,1441,1470
,1401,1543
,1411,1561
,1424,1584
,1432,1543
,1428,1628
,1452,1496
,1440,1463
,1455,1566
,1443,1534
,1457,1503
,1445,1452
,1462,1452
,1463,1424
,1456,1441
,1456,1555
,1456,1529
,1470,1490
,1466,1513
,1466,1498
,1470,1483
,1483,1468
,1470,1415
,1485,1429
,1478,1428
,1478,1440
,1466,1432
,1497,1445
,1488,1441
,1488,1455
,1468,1443
,1483,1466
,1474,1433
,1492,1460
,1473,1453
,1484,1478
,1470,1445
,1488,1480
,1484,1467
,1484,1468
,1485,1463
,1484,1473
,1488,1483
,1474,1480
,1469,1498
,1476,1474
,1488,1480
,1480,1473
,1478,1485
,1477,1466
,1498,1460
,1478,1469
,1483,1483
,1470,1470
,1492,1490
,1481,1480
,1503,1490
,1468,1469
,1496,1538
,1476,1478
,1498,1516
,1477,1485
,1490,1476
,1488,1478
,1494,1492
,1478,1478
,1490,1483
,1492,1469
,1483,1483
,1477,1490
,1483,1478
,1508,1483
,1476,1473
,1508,1469
,1485,1473
,1506,1483
,1494,1477
,1483,1481
,1494,1463
,1498,1483
,1469,1492
,1483,1498
,1478,1498
,1483,1503
,1473,1477
,1478,1488
,1478,1480
,1490,1490
,1473,1478
,1478,1490
,1473,1474
,1478,1474
,1490,1466
,1460,1478
,1477,1490
,1468,1485
,1494,1488
,1521,1496
,1682,1508
,1943,1478
,2168,1473
,2360,1582
,2410,1615
,2078,1534
,1624,1543
,1316,1468
,1141,1474
,1151,1470
,1258,1463
,1267,1473
,1279,1485
,1290,1533
,1316,1502
,1339,1483
,1331,1468
,1342,1462
,1344,1477
,1379,1478
,1379,1488
,1388,1460
,1413,1466
,1415,1460
,1411,1463
,1409,1490
,1424,1492
,1437,1591
,1428,1864
,1444,2119
,1440,2249
,1469,2415
,1440,2247
,1463,1892
,1443,1492
,1463,1263
,1471,1116
,1478,1153
,1468,1223
,1483,1254
,1470,1260
,1516,1299
,1455,1312
,1492,1323
,1494,1326
,1466,1351
,1504,1365
,1516,1369
,1580,1365
,1513,1377
,1512,1393
,1508,1387
,1543,1416
,1516,1411
,1611,1437
,1508,1419
,1555,1432
,1473,1422
,1538,1440
,1469,1431
,1462,1490
,1506,1468
,1494,1468
,1443,1456
,1457,1484
,1440,1442
,1422,1488
,1432,1502
,1452,1456
,1454,1504
,1441,1480
,1464,1490
,1455,1523
,1473,1483
,1452,1490
,1455,1583
,1457,1453
,1463,1545
,1462,1508
,1468,1455
,1469,1512
,1483,1521
,1469,1621
,1483,1543
,1466,1531
,1490,1580
,1478,1494
,1483,1508
,1469,1516
,1478,1636
,1483,1469
,1466,1516
,1474,1443
,1485,1490
,1490,1466
,1476,1445
,1508,1453
,1478,1411
,1490,1444
,1464,1428
,1478,1433
,1474,1432
,1494,1437
,1456,1419
,1481,1456
,1478,1445
,1488,1463
,1483,1463
,1480,1467
,1483,1441
,1492,1468
,1473,1445
,1490,1476
,1483,1470
,1484,1490
,1490,1462
,1473,1494
,1483,1468
,1478,1478
,1487,1470
,1478,1490
,1483,1477
,1483,1466
,1494,1473
,1480,1490
,1488,1499
,1477,1481
,1492,1528
,1478,1483
,1492,1494
,1483,1469
,1490,1474
,1480,1474
,1494,1492
,1477,1462
,1494,1496
,1485,1470
,1494,1498
,1480,1467
,1513,1478
,1538,1490
,1492,1503
,1483,1490
,1553,1483
,1496,1473
,1498,1488
,1477,1492
,1468,1492
,1490,1483
,1466,1477
,1483,1483
,1468,1469
,1484,1504
,1463,1509
,1488,1503
,1473,1470
,1504,1483
,1466,1471
,1488,1494
,1474,1471
,1473,1547
,1480,1478
,1483,1494
,1497,1456
,1632,1473
,1886,1480
,2128,1488
,2272,1485
,2344,1488
,2225,1473
,1775,1503
,1406,1531
,1185,1492
,1129,1506
,1198,1477
,1267,1473
,1260,1473
,1276,1488
,1285,1478
,1325,1484
,1328,1474
,1357,1480
,1361,1467
,1362,1484
,1366,1470
,1400,1485
,1396,1457
,1415,1483
,1406,1473
,1409,1477
,1419,1478
,1417,1488
,1427,1456
,1432,1474
,1444,1481
,1445,1568
,1437,1775
,1441,1912
,1462,2167
,1453,2288
,1466,2435
,1466,2043
,1485,1843
,1468,1344
,1480,1198
,1468,1108
,1488,1188
,1468,1234
,1483,1265
,1470,1263
,1478,1287
,1519,1300
,1477,1325
,1483,1323
,1555,1352
,1543,1339
,1506,1379
,1494,1379
,1498,1379
,1508,1386
,1494,1415
,1462,1417
,1531,1411
,1502,1415
,1492,1428
,1445,1437
,1477,1431
,1490,1428
,1443,1432
,1485,1462
,1458,1453
,1477,1463
,1441,1452
,1455,1538
,1453,1540
,1473,1483
,1467,1485
,1474,1463
,1469,1454
,1476,1516
,1463,1466
,1470,1490
,1473,1492
,1483,1492
,1483,1513
,1470,1538
,1473,1580
,1473,1686
,1490,1533
,1469,1548
,1490,1572
,1478,1519
,1485,1555
,1463,1490
,1483,1513
,1470,1492
,1490,1541
,1469,1467
,1490,1488
,1483,1417
,1483,1424
,1498,1417
,1480,1416
,1492,1401
,1488,1428
,1480,1422
,1483,1433
,1484,1433
,1485,1430
,1486,1428
,1474,1468
,1478,1474
,1483,1460
,1492,1442
,1483,1468
,1484,1466
,1478,1445
,1502,1456
,1477,1455
,1492,1473
,1473,1458
,1504,1516
,1478,1483
,1497,1492
,1470,1455
,1506,1468
,1483,1474
,1492,1488
,1492,1468
,1492,1483
,1513,1470
,1470,1490
,1490,1477
,1492,1483
,1498,1474
,1490,1492
,1488,1478
,1488,1494
,1503,1483
,1478,1480
,1488,1485
,1485,1483
,1492,1480
,1483,1468
,1488,1490
,1478,1473
,1488,1485
,1478,1485
,1483,1490
,1483,1473
,1468,1478
,1483,1468
,1470,1502
,1480,1480
,1480,1492
,1498,1474
,1473,1503
,1469,1478
,1468,1488
,1490,1480
,1480,1490
,1490,1488
,1526,1478
,1700,1477
,1874,1498
,2180,1494
,2364,1492
,2407,1492
,2068,1483
,1730,1494
,1331,1478
,1160,1490
,1138,1504
,1236,1502
,1260,1504
,1275,1494
,1280,1557
,1305,1514
,1306,1503
,1328,1506
,1341,1474
,1351,1480
,1357,1483
,1357,1494
,1388,1473
,1377,1468
,1393,1483
,1393,1473
,1424,1469
,1416,1460
,1440,1490
,1430,1483
,1466,1473
,1440,1488
,1443,1490
,1443,1464
,1467,1483
,1456,1470
,1464,1478
,1445,1469
,1478,1477
,1462,1478
,1483,1504
,1469,1591
,1477,1842
,1478,2139
,1478,2275
,1490,2443
,1490,2397
,1509,2016
,1490,1547
,1484,1262
,1607,1099
,1577,1126
,1506,1207
,1531,1234
,1498,1234
,1483,1260
,1531,1279
,1557,1315
,1494,1302
,1498,1336
,1476,1340
,1485,1367
,1462,1349
,1460,1377
,1457,1393
,1456,1415
,1445,1401
,1462,1419
,1466,1411
,1457,1439
,1463,1419
,1468,1437
,1467,1424
,1463,1440
,1460,1441
,1467,1456
,1483,1453
,1458,1452
,1487,1462
,1460,1457
,1483,1457
,1466,1478
,1492,1480
,1468,1463
,1490,1513
,1483,1628
,1469,1569
,1473,1488
,1490,1460
,1481,1502
,1473,1518
,1468,1538
,1483,1485
,1485,1483
,1478,1487
,1483,1484
,1483,1560
,1503,1548
,1478,1462
,1477,1463
,1478,1490
,1494,1483
,1463,1526
,1478,1531
,1480,1468
,1492,1428
,1477,1467
,1485,1506
,1478,1457
,1498,1456
,1470,1428
,1490,1462
,1469,1445
,1498,1458
,1490,1453
,1488,1468
,1490,1453
,1494,1470
,1490,1456
,1492,1469
,1485,1456
,1488,1477
,1503,1473
,1480,1483
,1480,1466
,1478,1473
,1502,1463
,1483,1485
,1492,1485
,1485,1492
,1518,1470
,1485,1470
,1504,1483
,1494,1477
,1502,1477
,1483,1483
,1496,1498
,1488,1469
,1485,1483
,1469,1483
,1506,1492
,1473,1473
,1504,1496
,1473,1468
,1470,1485
,1487,1478
,1478,1490
,1494,1481
,1481,1488
,1470,1483
,1473,1485
,1490,1469
,1480,1483
,1494,1483
,1555,1490
,1695,1485
,1912,1494
,2221,1496
,2320,1483
,2238,1488
,1886,1485
,1547,1498
,1268,1480
,1153,1488
,1178,1490
,1273,1497
,1263,1471
,1284,1496
,1309,1470
,1325,1498
,1338,1474
,1343,1481
,1377,1466
,1365,1488
,1369,1490
,1390,1492
,1406,1483
,1393,1501
,1411,1521
,1428,1531
,1443,1503
,1428,1485
,1428,1504
,1428,1485
,1455,1496
,1433,1473
,1455,1492
,1441,1468
,1478,1477
,1469,1469
,1468,1490
,1467,1462
,1480,1474
,1470,1478
,1473,1490
,1469,1484
,1474,1494
,1492,1468
,1490,1485
,1488,1457
,1516,1478
,1504,1483
,1470,1494
,1513,1526
,1529,1624
,1569,1744
,1506,2075
,1516,2275
,1496,2296
,1469,2188
,1488,1770
,1490,1430
,1466,1189
,1477,1148
,1463,1215
,1469,1278
,1473,1276
,1473,1290
,1468,1289
,1463,1343
,1469,1338
,1466,1366
,1478,1361
,1468,1381
,1468,1379
,1456,1393
,1481,1393
,1456,1396
,1457,1419
,1466,1409
,1473,1415
,1463,1424
,1488,1429
,1462,1440
,1504,1453
,1474,1453
,1478,1463
,1470,1443
,1484,1463
,1480,1457
,1488,1477
,1483,1460
,1480,1476
,1506,1466
,1483,1494
,1474,1473
,1488,1595
,1497,1470
,1483,1535
,1483,1477
,1466,1457
,1485,1503
,1462,1490
,1492,1516
,1483,1565
,1506,1468
,1470,1535
,1494,1518
,1488,1496
,1492,1467
,1478,1496
,1490,1538
,1463,1457
,1494,1460
,1473,1453
,1483,1506
,1483,1467
,1481,1518
,1483,1485
,1488,1443
,1477,1439
,1488,1473
,1497,1455
,1488,1468
,1494,1462
,1488,1467
,1502,1454
,1478,1456
,1483,1463
,1492,1469
,1514,1466
,1485,1474
,1504,1478
,1490,1463
,1502,1469
,1483,1478
,1490,1473
,1477,1454
,1473,1473
,1477,1480
,1474,1504
,1468,1470
,1490,1488
,1492,1480
,1477,1496
,1478,1484
,1485,1478
,1490,1473
,1483,1488
,1470,1486
,1483,1485
,1490,1470
,1474,1496
,1490,1483
,1490,1483
,1595,1474
,1727,1483
,2054,1494
,2214,1483
,2263,1484
,2178,1484
,1865,1490
,1484,1471
,1241,1473
,1153,1473
,1223,1496
,1272,1478
,1290,1494
,1316,1492
,1315,1504
,1351,1480
,1338,1490
,1357,1481
,1357,1490
,1374,1477
,1379,1488
,1415,1478
,1406,1485
,1413,1496
,1407,1483
,1427,1478
,1412,1481
,1439,1490
,1428,1488
,1445,1492
,1443,1492
,1454,1498
,1456,1488
,1462,1496
,1467,1494
,1466,1514
,1468,1483
,1468,1494
,1474,1483
,1470,1506
,1470,1480
,1468,1490
,1488,1485
,1473,1483
,1474,1469
,1477,1492
,1503,1471
,1474,1477
,1529,1474
,1521,1468
,1496,1467
,1476,1471
,1503,1492
,1477,1477
,1492,1485
,1518,1496
,1502,1504
,1485,1566
,1469,1664
,1494,1900
,1523,2174
,1483,2280
,1485,2362
,1469,2061
,1470,1555
,1462,1299
,1463,1129
,1480,1172
,1473,1259
,1470,1287
,1469,1276
,1483,1289
,1452,1318
,1473,1333
,1462,1355
,1490,1365
,1469,1370
,1490,1383
,1485,1381
,1483,1383
,1477,1395
,1478,1413
,1483,1401
,1496,1439
,1488,1427
,1492,1462
,1468,1441
,1490,1441
,1477,1441
,1478,1462
,1483,1437
,1476,1456
,1485,1457
,1485,1473
,1478,1469
,1480,1488
,1503,1466
,1478,1483
,1480,1474
,1480,1480
,1502,1480
,1468,1478
,1506,1483
,1476,1494
,1494,1483
,1484,1590
,1492,1607
,1469,1528
,1490,1544
,1473,1569
,1492,1516
,1473,1540
,1488,1490
,1490,1557
,1478,1488
,1483,1498
,1488,1496
,1498,1595
,1464,1469
,1485,1492
,1478,1445
,1488,1433
,1490,1453
,1488,1463
,1483,1456
,1514,1453
,1483,1444
,1496,1474
,1490,1462
,1514,1462
,1494,1456
,1504,1466
,1483,1460
,1490,1464
,1485,1463
,1488,1488
,1478,1468
,1498,1478
,1488,1476
,1468,1490
,1469,1469
,1477,1484
,1490,1513
,1463,1477
,1483,1488
,1474,1478
,1494,1458
,1463,1490
,1478,1488
,1473,1483
,1501,1480
,1485,1483
,1544,1498
,1659,1486
,1949,1474
,2142,1468
,2372,1492
,2263,1481
,1934,1483
,1584,1504
,1312,1502
,1141,1477
,1189,1488
,1263,1473
,1272,1494
,1276,1469
,1294,1480
,1331,1474
,1326,1490
,1342,1490
,1338,1492
,1385,1483
,1357,1492
,1380,1503
,1370,1492
,1427,1470
,1393,1480
,1427,1483
,1411,1481
,1445,1483
,1426,1513
,1452,1516
,1440,1468
,1453,1488
,1441,1480
,1455,1512
,1437,1567
,1463,1496
,1454,1490
,1458,1527
,1473,1483
,1477,1544
,1488,1557
,1476,1538
,1480,1508
,1477,1519
,1490,1588
,1478,1492
,1488,1513
,1535,1460
,1516,1496
,1488,1473
,1488,1514
,1509,1462
,1497,1457
,1488,1462
,1529,1526
,1477,1473
,1492,1473
,1478,1463
,1496,1483
,1476,1473
,1478,1483
,1478,1468
,1468,1476
,1470,1445
,1480,1538
,1484,1565
,1471,1681
,1473,1883
,1468,2224
,1488,2453
,1468,2507
,1468,2361
,1471,1985
,1490,1478
,1468,1204
,1480,1064
,1466,1126
,1483,1196
,1474,1225
,1494,1279
,1483,1211
,1483,1267
,1485,1311
,1477,1316
,1474,1321
,1490,1330
,1483,1312
,1480,1330
,1485,1365
,1478,1390
,1502,1426
,1463,1380
,1486,1416
,1481,1424
,1504,1417
,1473,1411
,1494,1437
,1492,1454
,1508,1441
,1473,1439
,1490,1492
,1455,1406
,1492,1444
,1478,1562
,1488,1535
,1485,1424
,1504,1589
,1483,1503
,1483,1644
,1477,1557
,1476,1544
,1490,1557
,1480,1471
,1478,1453
,1480,1647
,1496,1658
,1483,1604
,1486,1567
,1481,1565
,1494,1584
,1469,1531
,1492,1600
,1485,1464
,1492,1496
,1492,1508
,1497,1560
,1492,1488
,1504,1443
,1471,1460
,1492,1496
,1483,1401
,1506,1450
,1492,1428
,1494,1480
,1496,1427
,1490,1456
,1513,1411
,1477,1419
,1485,1379
,1478,1441
,1490,1440
,1483,1362
,1464,1478
,1477,1462
,1490,1457
,1463,1428
,1481,1422
,1478,1430
,1486,1456
,1473,1445
,1483,1428
,1470,1470
,1490,1483
,1464,1488
,1503,1567
,1473,1428
,1513,1415
,1597,1540
,1803,1413
,2089,1426
,2261,1457
,2414,1572
,2165,1523
,1747,1462
,1383,1416
,1198,1468
,1127,1543
,1231,1544
,1265,1521
,1290,1468
,1284,1393
,1310,1415
,1319,1470
,1338,1478
,1325,1428
,1357,1516
,1355,1424
,1393,1476
,1379,1519
,1406,1497
,1393,1492
,1419,1453
,1424,1441
,1424,1531
,1428,1478
,1428,1457
,1437,1469
,1443,1460
,1440,1413
,1455,1498
,1458,1444
,1443,1440
,1452,1432
,1452,1467
,1469,1469
,1458,1474
,1483,1538
,1478,1490
,1488,1573
,1470,1478
,1487,1553
,1480,1516
,1494,1528
,1480,1604
,1497,1621
,1492,1573
,1494,1565
,1492,1544
,1508,1579
,1494,1483
,1502,1490
,1490,1494
,1490,1437
,1480,1426
,1527,1440
,1504,1432
,1483,1432
,1478,1385
,1468,1452
,1486,1463
,1468,1401
,1470,1443
,1468,1441
,1483,1441
,1469,1467
,1484,1548
,1457,1469
,1494,1440
,1466,1466
,1469,1647
,1463,1675
,1483,1943
,1483,2242
,1485,2475
,1468,2534
,1480,2384
,1476,1960
,1483,1572
,1467,1162
,1483,1074
,1488,1039
,1483,1137
,1463,1163
,1478,1223
,1496,1246
,1474,1255
,1490,1335
,1480,1365
,1502,1289
,1483,1297
,1486,1292
,1477,1305
,1497,1366
,1477,1404
,1492,1401
,1483,1381
,1502,1416
,1483,1457
,1494,1460
,1488,1369
,1490,1455
,1492,1463
,1488,1457
,1468,1426
,1488,1470
,1492,1441
,1468,1419
,1485,1445
,1483,1561
,1498,1523
,1476,1568
,1483,1569
,1483,1523
,1486,1462
,1473,1561
,1494,1584
,1474,1648
,1504,1546
,1483,1569
,1494,1543
,1483,1455
,1490,1478
,1484,1578
,1478,1591
,1477,1572
,1492,1591
,1492,1548
,1480,1557
,1492,1483
,1494,1496
,1504,1540
,1497,1519
,1488,1504
,1492,1486
,1506,1439
,1483,1309
,1486,1416
,1485,1441
,1497,1422
,1480,1417
,1514,1400
,1468,1381
,1488,1419
,1464,1431
,1496,1411
,1470,1393
,1473,1344
,1484,1506
,1473,1478
,1485,1383
,1483,1391
,1483,1432
,1462,1437
,1483,1439
,1483,1485
,1506,1506
,1595,1462
,1723,1393
,2105,1504
,2302,1444
,2325,1526
,2143,1494
,1775,1457
,1406,1453
,1204,1396
,1173,1430
,1222,1513
,1274,1370
,1284,1504
,1309,1615
,1319,1490
,1336,1494
,1344,1445
,1349,1514
,1369,1432
,1369,1452
,1395,1432
,1402,1509
,1402,1514
,1419,1527
,1422,1569
,1407,1442
,1426,1521
,1424,1490
,1452,1494
,1431,1466
,1454,1413
,1445,1409
,1462,1468
,1445,1518
,1468,1519
,1453,1478
,1484,1469
,1468,1516
,1483,1509
,1473,1454
,1490,1456
,1476,1514
,1488,1555
,1478,1470
,1483,1531
,1480,1531
,1483,1523
,1480,1547
,1477,1521
,1557,1508
,1494,1474
,1504,1513
,1504,1544
,1557,1514
,1460,1498
,1508,1492
,1514,1508
,1488,1513
,1494,1437
,1496,1513
,1473,1477
,1490,1365
,1445,1487
,1480,1533
,1468,1526
,1473,1492
,1473,1422
,1468,1439
,1467,1404
,1466,1433
,1455,1463
,1467,1498
,1471,1409
,1463,1430
,1484,1497
,1456,1474
,1469,1619
,1462,1870
,1483,2035
,1471,2328
,1485,2491
,1460,2510
,1498,2136
,1469,1709
,1484,1239
,1483,1063
,1504,1048
,1473,1086
,1483,1222
,1471,1178
,1488,1209
,1485,1282
,1477,1302
,1474,1268
,1483,1279
,1492,1338
,1485,1365
,1470,1340
,1483,1355
,1494,1383
,1483,1428
,1478,1426
,1477,1430
,1496,1406
,1458,1379
,1488,1390
,1473,1455
,1502,1432
,1474,1441
,1490,1490
,1483,1439
,1492,1478
,1462,1445
,1492,1524
,1490,1474
,1492,1509
,1490,1557
,1474,1609
,1490,1503
,1492,1535
,1492,1580
,1490,1526
,1473,1541
,1477,1641
,1490,1555
,1474,1577
,1480,1596
,1483,1557
,1496,1565
,1483,1544
,1490,1590
,1488,1577
,1508,1572
,1496,1634
,1508,1590
,1492,1531
,1503,1488
,1484,1453
,1483,1514
,1478,1519
,1494,1483
,1478,1462
,1488,1455
,1466,1365
,1476,1411
,1480,1404
,1462,1381
,1468,1422
,1485,1379
,1503,1419
,1478,1453
,1477,1381
,1477,1447
,1468,1488
,1445,1424
,1484,1426
,1490,1426
,1526,1379
,1718,1419
,1892,1492
,2155,1463
,2275,1478
,2203,1428
,1906,1463
,1476,1516
,1236,1453
,1157,1567
,1228,1518
,1294,1483
,1289,1439
,1317,1445
,1336,1445
,1339,1426
,1343,1504
,1365,1428
,1355,1533
,1365,1460
,1382,1521
,1396,1485
,1387,1504
,1406,1518
,1419,1579
,1443,1492
,1411,1426
,1442,1393
,1430,1506
,1469,1463
,1467,1483
,1457,1565
,1456,1490
,1456,1508
,1445,1503
,1457,1468
,1457,1443
,1473,1506
,1463,1506
,1460,1557
,1474,1415
,1486,1518
,1492,1471
,1484,1490
,1490,1477
,1483,1464
,1504,1469
,1478,1417
,1477,1466
,1483,1531
,1504,1509
,1485,1463
,1488,1518
,1480,1543
,1506,1534
,1483,1647
,1496,1646
,1494,1566
,1478,1516
,1492,1490
,1485,1535
,1477,1508
,1469,1462
,1485,1531
,1474,1538
,1468,1508
,1477,1513
,1483,1441
,1467,1393
,1463,1413
,1469,1455
,1468,1452
,1455,1387
,1468,1439
,1471,1463
,1498,1480
,1468,1466
,1484,1516
,1470,1503
,1480,1385
,1468,1427
,1483,1488
,1483,1474
,1483,1656
,1474,1902
,1488,2167
,1476,2287
,1516,2481
,1488,2394
,1502,2166
,1485,1604
,1471,1236
,1490,1067
,1469,1010
,1480,1149
,1478,1188
,1490,1215
,1483,1175
,1494,1236
,1483,1309
,1501,1285
,1469,1325
,1509,1313
,1457,1338
,1513,1366
,1477,1297
,1494,1355
,1474,1349
,1477,1373
,1467,1415
,1469,1504
,1478,1440
,1492,1392
,1492,1417
,1483,1430
,1478,1503
,1477,1509
,1494,1624
,1477,1548
,1483,1456
,1492,1441
,1494,1443
,1460,1477
,1480,1538
,1478,1628
,1508,1624
,1463,1565
,1488,1569
,1483,1523
,1485,1529
,1474,1473
,1490,1562
,1483,1573
,1483,1561
,1480,1590
,1503,1691
,1492,1521
,1494,1547
,1503,1593
,1483,1619
,1490,1596
,1496,1582
,1514,1534
,1485,1577
,1477,1494
,1490,1521
,1483,1419
,1483,1470
,1487,1462
,1476,1469
,1480,1390
,1473,1335
,1483,1351
,1464,1401
,1503,1393
,1469,1351
,1485,1483
,1474,1369
,1488,1359
,1488,1355
,1481,1428
,1457,1383
,1483,1428
,1483,1456
,1483,1498
,1496,1428
,1655,1488
,1873,1477
,2023,1470
,2200,1377
,2333,1428
,2095,1437
,1584,1439
,1362,1468
,1166,1523
,1207,1561
,1268,1457
,1303,1457
,1289,1456
,1321,1445
,1340,1444
,1353,1476
,1343,1533
,1366,1496
,1369,1476
,1391,1509
,1388,1404
,1411,1466
,1430,1548
,1413,1607
,1396,1419
,1428,1480
,1441,1456
,1439,1470
,1440,1424
,1458,1445
,1456,1567
,1440,1483
,1462,1462
,1444,1478
,1478,1496
,1443,1516
,1480,1521
,1469,1582
,1492,1417
,1477,1417
,1483,1565
,1474,1503
,1490,1513
,1473,1492
,1483,1492
,1483,1452
,1503,1485
,1508,1548
,1494,1508
,1496,1400
,1488,1428
,1506,1469
,1484,1445
,1490,1440
,1492,1528
,1506,1553
,1483,1591
,1494,1565
,1483,1597
,1498,1469
,1483,1456
,1488,1485
,1478,1560
,1502,1577
,1478,1557
,1477,1609
,1473,1513
,1445,1474
,1466,1485
,1467,1502
,1473,1469
,1463,1470
,1477,1477
,1462,1572
,1468,1441
,1486,1519
,1481,1411
,1478,1419
,1462,1362
,1470,1440
,1490,1424
,1464,1422
,1473,1462
,1477,1452
,1498,1417
,1470,1365
,1473,1452
,1484,1462
,1485,1514
,1469,1624
,1480,1869
,1473,2161
,1483,2322
,1494,2551
,1490,2471
,1488,2023
,1488,1674
,1478,1241
,1476,1086
,1490,1100
,1474,1125
,1503,1251
,1477,1236
,1480,1188
,1474,1289
,1498,1286
,1477,1248
,1483,1370
,1476,1380
,1492,1342
,1477,1300
,1476,1365
,1483,1409
,1498,1344
,1490,1361
,1490,1323
,1506,1351
,1490,1379
,1463,1469
,1473,1528
,1483,1462
,1483,1441
,1483,1485
,1488,1528
,1474,1467
,1504,1566
,1490,1535
,1485,1560
,1485,1471
,1478,1604
,1504,1565
,1467,1445
,1502,1519
,1492,1490
,1494,1470
,1488,1531
,1490,1572
,1471,1669
,1483,1621
,1471,1555
,1490,1538
,1476,1604
,1496,1555
,1490,1566
,1497,1582
,1498,1526
,1494,1477
,1504,1588
,1508,1659
,1488,1543
,1498,1504
,1498,1424
,1481,1477
,1483,1413
,1485,1455
,1496,1419
,1468,1387
,1478,1339
,1492,1432
,1490,1391
,1454,1400
,1483,1413
,1473,1422
,1490,1377
,1478,1370
,1483,1403
,1483,1430
,1469,1379
,1470,1411
,1477,1478
,1471,1338
,1504,1393
,1521,1483
,1596,1490
,1848,1357
,2104,1443
,2337,1432
,2240,1455
,2007,1387
,1573,1445
,1315,1483
,1163,1508
,1228,1506
,1284,1474
,1297,1468
,1302,1412
,1336,1544
,1344,1453
,1362,1490
,1343,1437
,1359,1470
,1365,1503
,1381,1453
,1385,1401
,1415,1428
,1419,1424
,1402,1428
,1439,1523
,1419,1547
,1431,1464
,1439,1453
,1458,1516
,1457,1509
,1456,1471
,1462,1437
,1470,1424
,1463,1403
,1474,1441
,1468,1457
,1483,1468
,1471,1486
,1490,1404
,1466,1490
,1498,1435
,1483,1460
,1498,1545
,1494,1469
,1490,1462
,1488,1422
,1484,1518
,1483,1473
,1503,1619
,1502,1456
,1494,1547
,1492,1439
,1496,1455
,1509,1496
,1492,1503
,1490,1424
,1490,1441
,1513,1416
,1483,1462
,1492,1413
,1488,1548
,1494,1513
,1473,1555
,1478,1592
,1477,1547
,1508,1523
,1469,1498
,1480,1553
,1445,1533
,1483,1548
,1460,1572
,1468,1531
,1470,1441
,1463,1427
,1467,1473
,1462,1494
,1463,1413
,1484,1391
,1488,1457
,1474,1437
,1469,1426
,1480,1457
,1508,1407
,1470,1453
,1477,1460
,1480,1464
,1502,1463
,1474,1430
,1494,1480
,1480,1552
,1490,1559
,1463,1667
,1483,1943
,1474,2142
,1483,2360
,1478,2548
,1492,2419
,1490,1970
,1494,1518
,1496,1166
,1490,1034
,1473,1064
,1473,1213
,1483,1220
,1473,1248
,1470,1201
,1481,1263
,1508,1275
,1473,1294
,1468,1316
,1481,1317
,1485,1319
,1483,1370
,1494,1355
,1470,1365
,1490,1340
,1481,1331
,1485,1379
,1485,1380
,1490,1397
,1477,1428
,1478,1492
,1473,1415
,1485,1488
,1480,1529
,1468,1514
,1470,1492
,1477,1427
,1496,1492
,1483,1521
,1488,1478
,1490,1544
,1518,1538
,1477,1552
,1490,1492
,1478,1580
,1508,1523
,1478,1490
,1490,1463
,1483,1566
,1485,1548
,1478,1599
,1485,1569
,1470,1590
,1496,1527
,1494,1568
,1492,1519
,1497,1544
,1503,1490
,1509,1578
,1503,1531
,1485,1498
,1490,1486
,1506,1528
,1480,1547
,1501,1426
,1483,1470
,1497,1380
,1471,1456
,1474,1321
,1470,1393
,1490,1388
,1469,1370
,1483,1352
,1473,1379
,1477,1440
,1473,1415
,1492,1462
,1478,1490
,1481,1419
,1468,1437
,1497,1417
,1502,1424
,1531,1428
,1833,1456
,2017,1490
,2149,1455
,2311,1416
,1999,1439
,1572,1460
,1339,1477
,1201,1485
,1241,1469
,1275,1466
,1308,1417
,1285,1455
,1349,1490
,1326,1473
,1380,1453
,1366,1478
,1393,1469
,1365,1442
,1406,1498
,1396,1485
,1424,1455
,1428,1466
,1422,1439
,1440,1469
,1440,1462
,1440,1454
,1432,1557
,1428,1474
,1452,1483
,1474,1453
,1437,1508
,1463,1462
,1464,1494
,1485,1463
,1462,1445
,1478,1467
,1468,1474
,1484,1470
,1466,1483
,1488,1468
,1494,1623
,1513,1463
,1483,1509
,1502,1506
,1490,1457
,1504,1460
,1494,1483
,1498,1478
,1496,1473
,1494,1471
,1506,1473
,1506,1492
,1490,1462
,1492,1470
,1501,1466
,1488,1480
,1490,1470
,1490,1477
,1504,1538
,1478,1470
,1488,1552
,1470,1656
,1488,1557
,1469,1506
,1474,1477
,1478,1477
,1483,1483
,1464,1528
,1473,1453
,1468,1477
,1483,1440
,1470,1476
,1476,1483
,1457,1453
,1445,1504
,1474,1490
,1469,1478
,1474,1456
,1470,1453
,1484,1470
,1490,1494
,1483,1471
,1483,1477
,1492,1441
,1485,1480
,1494,1468
,1488,1474
,1502,1469
,1478,1527
,1498,1732
,1488,2102
,1486,2242
,1473,2445
,1463,2450
,1469,2105
,1490,1701
,1490,1325
,1490,1122
,1484,1081
,1490,1170
,1492,1213
,1490,1253
,1464,1245
,1483,1310
,1488,1311
,1477,1309
,1488,1279
,1471,1335
,1494,1323
,1478,1361
,1483,1353
,1473,1382
,1494,1374
,1468,1416
,1492,1432
,1462,1440
,1521,1467
,1481,1422
,1503,1429
,1463,1455
,1492,1473
,1462,1504
,1483,1531
,1473,1462
,1490,1441
,1483,1431
,1468,1521
,1468,1432
,1483,1529
,1513,1544
,1477,1569
,1483,1514
,1492,1619
,1490,1607
,1490,1544
,1488,1460
,1485,1483
,1508,1506
,1492,1565
,1503,1591
,1506,1681
,1516,1557
,1503,1577
,1494,1564
,1484,1574
,1498,1605
,1480,1656
,1488,1584
,1490,1553
,1488,1485
,1485,1467
,1473,1463
,1468,1401
,1480,1377
,1492,1445
,1485,1458
,1469,1456
,1473,1401
,1478,1393
,1457,1385
,1483,1428
,1470,1463
,1494,1428
,1474,1409
,1509,1400
,1523,1406
,1671,1393
,1914,1416
,2130,1434
,2254,1473
,2035,1462
,1790,1419
,1469,1492
,1239,1396
,1198,1445
,1267,1455
,1321,1526
,1323,1496
,1328,1429
,1366,1467
,1361,1529
,1366,1454
,1379,1521
,1396,1518
,1393,1490
,1416,1523
,1382,1569
,1428,1492
,1401,1439
,1437,1486
,1430,1433
,1457,1518
,1437,1422
,1458,1504
,1456,1469
,1470,1478
,1462,1488
,1467,1478
,1453,1490
,1468,1504
,1503,1490
,1466,1600
,1466,1503
,1467,1473
,1502,1516
,1483,1565
,1483,1441
,1490,1443
,1513,1483
,1463,1470
,1490,1469
,1494,1469
,1508,1473
,1477,1483
,1506,1494
,1504,1514
,1503,1454
,1492,1473
,1504,1488
,1498,1553
,1512,1561
,1503,1462
,1494,1497
,1483,1419
,1492,1503
,1502,1508
,1496,1527
,1483,1404
,1483,1490
,1473,1531
,1469,1529
,1483,1498
,1468,1573
,1490,1547
,1466,1560
,1455,1618
,1474,1615
,1474,1629
,1456,1565
,1471,1490
,1468,1488
,1484,1516
,1469,1483
,1480,1535
,1466,1518
,1496,1513
,1494,1508
,1485,1477
,1488,1406
,1483,1351
,1488,1430
,1480,1488
,1470,1473
,1477,1403
,1506,1577
,1483,1496
,1485,1480
,1483,1393
,1494,1456
,1468,1441
,1483,1585
,1477,1735
,1490,1890
,1471,2107
,1490,2337
,1492,2521
,1508,2492
,1483,2111
,1516,1695
,1474,1264
,1485,976
,1490,998
,1483,1107
,1476,1137
,1470,1249
,1488,1170
,1483,1341
,1464,1331
,1483,1340
,1502,1317
,1476,1343
,1498,1319
,1485,1287
,1502,1415
,1473,1426
,1488,1406
,1474,1415
,1497,1453
,1469,1419
,1503,1456
,1483,1456
,1497,1516
,1477,1439
,1502,1506
,1503,1428
,1498,1415
,1471,1506
,1480,1535
,1477,1508
,1490,1526
,1494,1492
,1485,1574
,1490,1477
,1503,1569
,1516,1592
,1503,1607
,1503,1578
,1494,1596
,1506,1588
,1483,1642
,1494,1567
,1485,1523
,1503,1641
,1490,1483
,1498,1516
,1480,1621
,1503,1584
,1483,1682
,1483,1534
,1478,1593
,1492,1590
,1480,1538
,1490,1564
,1478,1565
,1477,1488
,1492,1494
,1483,1521
,1478,1379
,1478,1377
,1485,1427
,1478,1444
,1508,1328
,1628,1352
,1895,1385
,2062,1373
,2376,1353
,2430,1379
,2114,1460
,1686,1409
,1355,1488
,1153,1443
,1178,1466
,1258,1385
,1289,1473
,1273,1490
,1306,1393
,1325,1439
,1342,1419
,1325,1527
,1344,1440
,1374,1552
,1373,1478
,1387,1440
,1393,1467
,1411,1382
,1415,1538
,1416,1453
,1424,1534
,1437,1528
,1419,1513
,1457,1419
,1442,1496
,1469,1462
,1441,1490
,1462,1513
,1462,1533
,1480,1488
,1467,1478
,1468,1470
,1468,1503
,1483,1557
,1488,1469
,1494,1519
,1483,1426
,1490,1415
,1494,1456
,1488,1483
,1490,1387
,1478,1463
,1504,1480
,1483,1569
,1488,1357
,1490,1454
,1496,1529
,1473,1485
,1526,1480
,1523,1557
,1523,1503
,1474,1503
,1509,1468
,1483,1445
,1494,1483
,1473,1441
,1494,1496
,1468,1458
,1490,1457
,1480,1419
,1478,1529
,1473,1508
,1476,1473
,1477,1508
,1474,1452
,1460,1469
,1471,1473
,1485,1519
,1477,1540
,1470,1514
,1466,1529
,1494,1604
,1462,1597
,1483,1540
,1469,1526
,1483,1543
,1466,1548
,1480,1588
,1471,1559
,1492,1588
,1488,1457
,1492,1455
,1483,1494
,1490,1419
,1473,1342
,1488,1413
,1477,1432
,1490,1383
,1488,1496
,1483,1476
,1470,1492
,1483,1430
,1488,1462
,1488,1437
,1481,1391
,1484,1437
,1498,1508
,1468,1561
,1486,1665
,1478,1880
,1503,2240
,1490,2334
,1478,2612
,1481,2361
,1490,2095
,1496,1628
,1506,1317
,1480,1170
,1494,1099
,1480,1087
,1484,1134
,1468,1186
,1477,1148
,1492,1281
,1474,1287
,1483,1362
,1496,1268
,1490,1311
,1483,1279
,1468,1292
,1484,1366
,1490,1487
,1480,1444
,1490,1407
,1483,1341
,1503,1377
,1467,1310
,1494,1386
,1483,1413
,1504,1534
,1483,1469
,1494,1476
,1490,1477
,1506,1437
,1498,1331
,1504,1531
,1490,1564
,1502,1496
,1480,1529
,1492,1582
,1488,1486
,1480,1535
,1490,1569
,1476,1637
,1468,1453
,1471,1521
,1494,1621
,1469,1617
,1485,1649
,1468,1595
,1504,1578
,1477,1533
,1485,1557
,1463,1547
,1485,1569
,1485,1557
,1478,1583
,1483,1605
,1503,1518
,1508,1464
,1732,1490
,1943,1506
,2142,1483
,2416,1406
,2398,1441
,2026,1370
,1628,1406
,1294,1439
,1115,1382
,1160,1411
,1251,1426
,1287,1431
,1262,1440
,1300,1403
,1317,1331
,1338,1467
,1338,1445
,1361,1433
,1357,1445
,1379,1480
,1374,1385
,1387,1483
,1379,1466
,1413,1443
,1409,1433
,1431,1466
,1429,1440
,1452,1433
,1443,1419
,1462,1524
,1441,1441
,1453,1498
,1458,1456
,1452,1518
,1441,1402
,1456,1457
,1469,1474
,1445,1468
,1480,1454
,1478,1411
,1490,1492
,1478,1445
,1486,1490
,1481,1483
,1496,1494
,1456,1528
,1488,1492
,1480,1467
,1494,1387
,1483,1426
,1490,1452
,1481,1467
,1492,1424
,1483,1492
,1490,1504
,1492,1428
,1484,1452
,1490,1496
,1483,1513
,1478,1457
,1485,1468
,1494,1536
,1474,1518
,1469,1473
,1477,1419
,1492,1441
,1471,1369
,1485,1471
,1486,1473
,1483,1535
,1492,1467
,1483,1441
,1463,1557
,1474,1462
,1466,1432
,1474,1506
,1474,1484
,1480,1362
,1490,1379
,1469,1598
,1463,1514
,1470,1543
,1488,1543
,1477,1518
,1478,1468
,1488,1513
,1490,1569
,1483,1557
,1485,1528
,1480,1506
,1501,1485
,1477,1521
,1488,1453
,1478,1514
,1484,1443
,1478,1413
,1478,1404
,1480,1441
,1506,1457
,1492,1390
,1478,1381
,1480,1468
,1473,1424
,1477,1467
,1483,1467
,1483,1374
,1488,1393
,1497,1490
,1483,1578
,1485,1470
,1477,1686
,1494,1913
,1473,2244
,1485,2296
,1471,2591
,1497,2398
,1468,2019
,1478,1533
,1476,1183
,1492,982
,1485,1024
,1488,1091
,1474,1234
,1488,1265
,1480,1215
,1506,1287
,1490,1268
,1483,1268
,1483,1303
,1490,1349
,1478,1323
,1485,1303
,1504,1331
,1484,1375
,1503,1370
,1492,1395
,1504,1432
,1483,1404
,1496,1404
,1490,1406
,1504,1468
,1474,1456
,1496,1386
,1485,1483
,1485,1463
,1473,1516
,1473,1531
,1476,1566
,1480,1527
,1466,1477
,1474,1478
,1469,1509
,1483,1454
,1488,1519
,1488,1593
,1460,1518
,1466,1566
,1485,1529
,1483,1635
,1494,1545
,1642,1529
,1970,1681
,2063,1609
,2302,1572
,2224,1607
,1990,1592
,1533,1519
,1316,1490
,1157,1548
,1206,1533
,1279,1469
,1300,1444
,1299,1521
,1321,1455
,1335,1406
,1338,1529
,1357,1424
,1365,1417
,1385,1342
,1387,1441
,1385,1424
,1406,1456
,1417,1404
,1402,1386
,1413,1297
,1417,1361
,1441,1460
,1428,1540
,1443,1463
,1444,1431
,1466,1415
,1445,1396
,1471,1401
,1469,1453
,1485,1492
,1481,1415
,1477,1426
,1455,1513
,1469,1453
,1457,1464
,1478,1422
,1474,1473
,1480,1462
,1485,1430
,1484,1538
,1477,1417
,1485,1466
,1506,1391
,1490,1455
,1490,1521
,1490,1483
,1519,1519
,1473,1490
,1494,1439
,1490,1428
,1498,1509
,1483,1456
,1492,1462
,1483,1474
,1508,1469
,1483,1521
,1498,1432
,1466,1478
,1473,1393
,1462,1392
,1469,1483
,1471,1477
,1488,1457
,1469,1388
,1485,1533
,1483,1473
,1483,1506
,1483,1419
,1460,1508
,1458,1413
,1473,1428
,1488,1508
,1456,1498
,1471,1445
,1470,1483
,1490,1469
,1462,1437
,1488,1433
,1473,1476
,1483,1615
,1476,1503
,1496,1561
,1477,1543
,1492,1445
,1485,1433
,1483,1521
,1488,1643
,1483,1723
,1494,1508
,1480,1565
,1484,1477
,1478,1417
,1480,1503
,1469,1466
,1467,1477
,1483,1453
,1514,1477
,1478,1458
,1478,1387
,1480,1385
,1498,1477
,1480,1430
,1506,1457
,1490,1464
,1494,1470
,1463,1488
,1480,1483
,1474,1492
,1483,1430
,1497,1455
,1478,1584
,1477,1673
,1488,1931
,1506,2082
,1485,2261
,1480,2430
,1477,2333
,1485,2019
,1477,1694
,1478,1216
,1483,1050
,1506,1031
,1488,1141
,1496,1162
,1492,1251
,1518,1274
,1504,1287
,1514,1260
,1483,1323
,1494,1302
,1477,1303
,1490,1330
,1488,1413
,1483,1457
,1478,1377
,1494,1457
,1469,1340
,1480,1338
,1492,1351
,1477,1388
,1471,1404
,1478,1480
,1494,1494
,1456,1529
,1478,1441
,1483,1480
,1496,1490
,1453,1513
,1488,1395
,1513,1456
,1671,1545
,1824,1582
,2091,1528
,2272,1582
,2275,1528
,1925,1455
,1584,1523
,1294,1565
,1184,1569
,1220,1497
,1306,1616
,1300,1523
,1323,1580
,1326,1544
,1331,1619
,1325,1643
,1341,1620
,1365,1591
,1361,1630
,1393,1600
,1390,1543
,1424,1538
,1422,1492
,1412,1469
,1427,1411
,1440,1469
,1431,1406
,1456,1457
,1440,1393
,1456,1455
,1445,1452
,1473,1323
,1460,1463
,1470,1352
,1468,1351
,1483,1374
,1468,1477
,1468,1456
,1473,1445
,1470,1483
,1477,1440
,1485,1369
,1504,1453
,1490,1432
,1480,1419
,1490,1411
,1508,1503
,1494,1533
,1496,1513
,1494,1480
,1504,1452
,1492,1445
,1504,1454
,1490,1462
,1506,1533
,1477,1432
,1508,1468
,1470,1490
,1504,1496
,1485,1488
,1504,1590
,1478,1573
,1478,1527
,1480,1442
,1467,1439
,1473,1428
,1463,1445
,1474,1413
,1455,1488
,1469,1432
,1476,1492
,1490,1474
,1466,1569
,1468,1485
,1478,1567
,1474,1480
,1468,1572
,1490,1456
,1494,1516
,1492,1430
,1477,1430
,1477,1462
,1468,1486
,1468,1483
,1469,1452
,1488,1490
,1477,1572
,1478,1477
,1490,1473
,1473,1531
,1488,1492
,1486,1485
,1494,1513
,1478,1462
,1488,1535
,1467,1480
,1518,1595
,1468,1567
,1490,1533
,1492,1592
,1503,1578
,1462,1597
,1485,1498
,1470,1641
,1503,1494
,1474,1538
,1508,1419
,1464,1426
,1494,1411
,1476,1415
,1488,1428
,1477,1468
,1490,1445
,1492,1428
,1492,1488
,1478,1452
,1483,1483
,1492,1413
,1480,1470
,1477,1379
,1487,1377
,1509,1513
,1473,1569
,1485,1516
,1481,1735
,1506,1915
,1480,2309
,1497,2460
,1497,2521
,1513,2464
,1506,2024
,1516,1593
,1496,1251
,1506,1007
,1480,1013
,1504,1116
,1492,1209
,1494,1255
,1492,1251
,1474,1234
,1477,1281
,1468,1222
,1503,1325
,1483,1411
,1469,1377
,1467,1315
,1494,1401
,1458,1442
,1463,1401
,1494,1422
,1490,1533
,1483,1445
,1503,1396
,1498,1490
,1567,1506
,1735,1506
,2041,1428
,2224,1428
,2394,1518
,2228,1432
,1904,1540
,1445,1508
,1234,1490
,1141,1478
,1213,1577
,1273,1577
,1281,1658
,1290,1547
,1285,1569
,1319,1478
,1336,1538
,1367,1540
,1355,1642
,1379,1557
,1381,1534
,1387,1770
,1390,1746
,1413,1595
,1391,1483
,1431,1583
,1426,1588
,1437,1561
,1437,1583
,1441,1528
,1441,1480
,1437,1519
,1452,1531
,1467,1513
,1469,1456
,1470,1457
,1467,1504
,1473,1441
,1501,1417
,1470,1411
,1468,1370
,1481,1343
,1480,1361
,1470,1412
,1488,1365
,1483,1470
,1497,1545
,1477,1521
,1498,1458
,1483,1413
,1516,1357
,1498,1300
,1534,1506
,1492,1509
,1508,1538
,1492,1518
,1490,1437
,1483,1477
,1492,1338
,1488,1390
,1480,1452
,1474,1470
,1485,1540
,1480,1453
,1480,1526
,1469,1416
,1474,1488
,1483,1462
,1462,1502
,1469,1470
,1478,1521
,1494,1533
,1468,1490
,1490,1379
,1469,1428
,1492,1524
,1470,1428
,1478,1543
,1466,1419
,1485,1552
,1483,1527
,1480,1538
,1470,1396
,1474,1456
,1488,1401
,1488,1403
,1483,1419
,1483,1458
,1498,1432
,1477,1577
,1492,1469
,1494,1535
,1506,1419
,1473,1483
,1483,1412
,1476,1471
,1488,1490
,1467,1488
,1477,1473
,1478,1483
,1504,1529
,1478,1484
,1490,1457
,1485,1464
,1488,1463
,1483,1400
,1490,1466
,1483,1538
,1496,1584
,1488,1508
,1485,1543
,1478,1494
,1492,1583
,1494,1512
,1483,1686
,1473,1559
,1473,1503
,1498,1480
,1477,1509
,1478,1402
,1480,1490
,1492,1527
,1477,1492
,1480,1488
,1485,1441
,1513,1366
,1506,1323
,1504,1343
,1492,1419
,1509,1483
,1490,1483
,1485,1440
,1490,1443
,1513,1477
,1492,1433
,1494,1665
,1477,1803
,1483,1989
,1494,2240
,1462,2418
,1456,2624
,1466,2362
,1496,2054
,1483,1621
,1492,1166
,1478,1035
,1498,1073
,1466,1139
,1488,1091
,1483,1126
,1486,1273
,1470,1323
,1488,1276
,1474,1335
,1592,1365
,1775,1273
,2117,1330
,2238,1373
,2407,1326
,2292,1335
,1946,1361
,1498,1393
,1225,1409
,1122,1377
,1172,1437
,1250,1424
,1265,1441
,1283,1456
,1287,1528
,1302,1469
,1323,1544
,1341,1559
,1338,1466
,1365,1462
,1365,1439
,1391,1531
,1366,1535
,1401,1490
,1406,1597
,1424,1514
,1424,1535
,1437,1628
,1424,1621
,1444,1569
,1428,1535
,1441,1544
,1439,1506
,1456,1566
,1463,1547
,1455,1615
,1462,1569
,1464,1506
,1478,1545
,1460,1533
,1478,1600
,1470,1566
,1485,1607
,1469,1547
,1490,1385
,1470,1430
,1492,1377
,1506,1379
,1490,1341
,1508,1424
,1485,1366
,1516,1422
,1552,1402
,1496,1406
,1535,1388
,1557,1330
,1538,1383
,1519,1419
,1483,1353
,1502,1454
,1474,1470
,1467,1395
,1464,1341
,1462,1416
,1428,1456
,1466,1381
,1463,1419
,1462,1419
,1455,1531
,1460,1518
,1460,1529
,1474,1569
,1457,1508
,1483,1419
,1469,1406
,1485,1453
,1456,1428
,1473,1503
,1468,1504
,1474,1526
,1478,1375
,1483,1490
,1478,1504
,1469,1492
,1483,1411
,1462,1445
,1478,1478
,1468,1456
,1494,1538
,1483,1526
,1480,1471
,1477,1443
,1498,1469
,1466,1490
,1483,1415
,1478,1466
,1488,1452
,1477,1432
,1485,1411
,1483,1462
,1494,1485
,1470,1393
,1490,1467
,1460,1498
,1486,1474
,1485,1359
,1488,1409
,1481,1388
,1490,1380
,1490,1503
,1478,1561
,1477,1523
,1463,1424
,1502,1538
,1474,1488
,1480,1473
,1488,1538
,1496,1580
,1477,1591
,1488,1516
,1488,1483
,1503,1509
,1483,1494
,1478,1488
,1480,1559
,1494,1503
,1492,1460
,1504,1462
,1483,1540
,1506,1373
,1494,1456
,1492,1413
,1485,1416
,1488,1492
,1488,1473
,1488,1424
,1474,1480
,1477,1331
,1492,1381
,1471,1455
,1473,1490
,1480,1513
,1490,1462
,1466,1529
,1483,1483
,1481,1494
,1496,1681
,1470,1848
,1483,2148
,1468,2360
,1473,2548
,1477,2368
,1492,2037
,1516,1569
,1649,1162
,1937,996
,2144,1037
,2326,1184
,2278,1157
,2115,1153
,1646,1260
,1315,1201
,1146,1239
,1162,1330
,1231,1362
,1278,1276
,1273,1325
,1315,1348
,1303,1370
,1331,1331
,1341,1278
,1369,1413
,1359,1429
,1388,1362
,1374,1381
,1406,1406
,1401,1404
,1411,1565
,1415,1484
,1424,1533
,1440,1437
,1417,1543
,1426,1521
,1428,1494
,1452,1478
,1443,1535
,1454,1494
,1458,1516
,1477,1503
,1453,1584
,1468,1494
,1466,1513
,1485,1565
,1462,1557
,1478,1567
,1468,1565
,1485,1632
,1484,1607
,1490,1553
,1478,1577
,1496,1674
,1521,1569
,1494,1596
,1526,1592
,1496,1463
,1512,1531
,1494,1552
,1485,1557
,1494,1433
,1506,1404
,1492,1476
,1521,1341
,1485,1294
,1478,1260
,1467,1469
,1484,1413
,1467,1404
,1485,1419
,1457,1417
,1480,1386
,1466,1400
,1490,1437
,1460,1370
,1480,1366
,1471,1439
,1483,1443
,1468,1432
,1478,1415
,1473,1463
,1477,1468
,1480,1415
,1476,1473
,1468,1443
,1457,1415
,1490,1457
,1477,1534
,1477,1413
,1469,1528
,1490,1464
,1460,1519
,1483,1467
,1483,1452
,1498,1477
,1443,1468
,1494,1445
,1477,1474
,1506,1567
,1490,1494
,1490,1514
,1468,1457
,1488,1538
,1483,1553
,1485,1467
,1483,1534
,1480,1440
,1486,1365
,1483,1437
,1490,1456
,1483,1426
,1497,1406
,1469,1552
,1478,1503
,1466,1521
,1490,1508
,1478,1463
,1490,1455
,1488,1428
,1492,1504
,1460,1483
,1477,1490
,1469,1498
,1496,1555
,1466,1513
,1503,1454
,1483,1509
,1492,1543
,1485,1455
,1492,1468
,1490,1521
,1490,1544
,1496,1490
,1473,1521
,1483,1504
,1488,1561
,1503,1531
,1492,1630
,1502,1634
,1492,1516
,1496,1496
,1483,1496
,1494,1439
,1492,1374
,1508,1464
,1470,1503
,1483,1478
,1473,1470
,1492,1523
,1473,1416
,1488,1357
,1474,1424
,1513,1439
,1458,1462
,1468,1477
,1466,1440
,1468,1404
,1477,1432
,1469,1466
,1460,1666
,1473,1762
,1490,1941
,1496,2215
,1516,2374
,1713,2484
,2015,2290
,2128,1954
,2381,1516
,2238,1126
,1835,1086
,1416,1091
,1202,1065
,1162,1146
,1253,1188
,1284,1172
,1305,1201
,1311,1260
,1319,1381
,1357,1352
,1353,1379
,1359,1458
,1370,1440
,1381,1331
,1393,1300
,1383,1273
,1406,1365
,1431,1330
,1415,1492
,1415,1476
,1417,1373
,1437,1377
,1439,1474
,1439,1468
,1453,1488
,1463,1561
,1445,1569
,1455,1519
,1462,1466
,1484,1488
,1454,1531
,1478,1445
,1469,1566
,1490,1543
,1483,1463
,1490,1534
,1478,1567
,1485,1681
,1488,1543
,1483,1588
,1483,1632
,1468,1697
,1496,1649
,1485,1666
,1490,1555
,1490,1433
,1498,1535
,1488,1566
,1490,1483
,1484,1441
,1516,1430
,1470,1508
,1498,1531
,1485,1504
,1490,1521
,1470,1607
,1496,1453
,1474,1359
,1494,1385
,1478,1289
,1478,1352
,1469,1393
,1477,1385
,1469,1488
,1469,1437
,1473,1409
,1478,1338
,1483,1309
,1477,1433
,1466,1387
,1469,1445
,1483,1355
,1460,1428
,1476,1396
,1473,1355
,1496,1478
,1460,1559
,1470,1476
,1480,1428
,1503,1529
,1484,1460
,1490,1519
,1485,1534
,1490,1490
,1488,1455
,1490,1383
,1483,1445
,1502,1490
,1478,1442
,1483,1485
,1483,1429
,1478,1369
,1490,1386
,1460,1440
,1483,1548
,1468,1506
,1490,1473
,1468,1544
,1488,1377
,1468,1412
,1508,1486
,1502,1514
,1516,1464
,1503,1387
,1494,1440
,1483,1403
,1494,1392
,1485,1429
,1474,1468
,1484,1483
,1496,1462
,1477,1433
,1488,1567
,1492,1544
,1485,1611
,1485,1596
,1476,1440
,1503,1365
,1483,1377
,1483,1415
,1470,1485
,1508,1411
,1478,1518
,1483,1455
,1471,1508
,1503,1463
,1480,1443
,1503,1411
,1492,1416
,1518,1516
,1481,1590
,1516,1718
,1485,1580
,1504,1473
,1488,1433
,1506,1452
,1492,1555
,1504,1592
,1490,1566
,1490,1658
,1470,1578
,1483,1526
,1490,1506
,1471,1395
,1473,1426
,1485,1391
,1486,1415
,1473,1457
,1478,1411
,1462,1506
,1477,1508
,1460,1569
,1468,1528
,1480,1518
,1490,1478
,1468,1396
,1502,1440
,1504,1490
,1615,1709
,1844,1745
,2085,2086
,2339,2424
,2261,2645
,2113,2647
,1637,2325
,1335,1833
,1167,1379
,1191,1226
,1260,1089
,1276,1149
,1294,1134
,1313,1159
,1317,1159
,1331,1176
,1331,1249
,1379,1299
,1366,1326
,1377,1217
,1396,1331
,1404,1258
,1393,1453
,1417,1535
,1419,1474
,1440,1552
,1419,1433
,1439,1335
,1417,1366
,1455,1579
,1441,1476
,1445,1428
,1463,1513
,1469,1573
,1473,1483
,1473,1624
,1462,1627
,1470,1531
,1490,1555
,1470,1698
,1480,1635
,1485,1775
,1490,1681
,1481,1805
,1488,1557
,1476,1513
,1483,1577
,1483,1590
,1503,1704
,1492,1746
,1508,1732
,1492,1721
,1506,1747
,1490,1847
,1504,1722
,1494,1705
,1492,1643
,1484,1584
,1488,1569
,1496,1656
,1483,1673
,1485,1665
,1488,1621
,1502,1492
,1469,1496
,1480,1569
,1454,1593
,1477,1538
,1466,1604
,1469,1553
,1460,1560
,1485,1531
,1462,1370
,1483,1383
,1468,1379
,1492,1469
,1474,1527
,1485,1470
,1471,1458
,1492,1470
,1488,1494
,1488,1483
,1466,1548
,1480,1569
,1483,1611
,1474,1531
,1470,1430
,1468,1366
,1483,1355
,1464,1647
,1477,1557
,1483,1628
,1506,1504
,1483,1538
,1496,1428
,1498,1306
,1502,1352
,1483,1439
,1485,1474
,1463,1588
,1478,1478
,1468,1445
,1488,1390
,1470,1490
,1487,1623
,1490,1596
,1483,1590
,1492,1560
,1478,1569
,1503,1724
,1480,1516
,1485,1370
,1490,1393
,1502,1383
,1471,1439
,1473,1513
,1473,1428
,1503,1454
,1488,1574
,1478,1490
,1478,1595
,1504,1445
,1478,1519
,1492,1374
,1490,1572
,1504,1580
,1492,1573
,1496,1503
,1488,1468
,1484,1506
,1485,1569
,1496,1622
,1478,1386
,1485,1323
,1494,1400
,1480,1502
,1488,1462
,1492,1506
,1490,1540
,1484,1607
,1483,1569
,1477,1567
,1502,1533
,1476,1611
,1485,1535
,1502,1637
,1504,1496
,1480,1460
,1502,1478
,1506,1452
,1518,1557
,1501,1452
,1494,1469
,1492,1521
,1503,1468
,1492,1386
,1494,1516
,1473,1416
,1494,1559
,1483,1412
,1478,1424
,1462,1415
,1478,1379
,1483,1503
,1462,1335
,1483,1281
,1477,1369
,1485,1469
,1466,1592
,1478,1573
,1483,1798
,1488,2076
,1483,2215
,1504,2430
,1506,2407
,1624,2050
,1910,1565
,2093,
,2334,
,2217,
,1931,
,1526,
,1248,
,1170,
,1234,
,1272,
,1299,
,1302,
,1317,
,1338,
,1352,
,1353,
,1401,
,1379,
,1397,
,1388,
,1413,
,1393,
,1437,
,1417,
,1440,
,1426,
,1440,
,1441,
,1452,
,1445,
,1456,
,1443,
,1462,
,1471,
,1469,
,1477,
,1471,
,1492,
,1474,
,1478,
,1483,
,1488,
,1485,
,1492,
,1485,
,1509,
,1485,
,1516,
,1490,
,1508,
,1496,
,1502,
,1490,
,1483,
,1494,
,1492,
,1483,
,1484,
,1496,
,1485,
,1480,
,1486,
,1488,
,1468,
,1490,
,1477,
,1470,
,1463,
,1478,
,1478,
,1483,
,1463,
,1468,
,1462,
,1485,
,1462,
,1480,
,1474,
,1471,
,1483,
,1490,
,1478,
,1485,
,1485,
,1470,
,1478,
,1480,
,1488,
,1483,
,1473,
,1483,
,1492,
,1466,
,1496,
,1477,
,1498,
,1474,
,1490,
,1483,
,1504,
,1457,
,1490,
,1474,
,1476,
,1480,
,1483,
,1481,
,1473,
,1492,
,1471,
,1490,
,1481,
,1490,
,1483,
,1476,
,1476,
,1502,
,1503,
,1494,
,1470,
,1508,
,1494,
,1490,
,1483,
,1488,
,1484,
,1488,
,1477,
,1480,
,1494,
,1502,
,1490,
,1494,
,1488,
,1480,
,1483,
,1477,
,1503,
,1466,
,1483,
,1488,
,1490,
,1478,
,1488,
,1478,
,1509,
,1488,
,1504,
,1483,
,1503,
,1469,
,1490,
,1478,
,1503,
,1506,
,1504,
,1490,
,1494,
,1485,
,1497,
,1490,
,1492,
,1506,
,1468,
,1471,
,1460,
,1490,
,1466,
,1477,
,1470,
,1492,
,1473,
,1490,
,1483,
,1494,
,1470,
,1494,
,1463,
,1504,
,1514,
,1621,
,1825,
,2055,
,2287,
,2212,
,1878,
,1496,
,1300,
,1184,
,1237,
,1292,
,1311,
,1309,
,1343,
,1342,
,1370,
,1338,
,1401,
,1388,
,1426,
,1406,
,1419,
,1406,
,1419,
,1430,
,1444,
,1432,
,1445,
,1454,
,1433,
,1455,
,1454,
,1466,
,1455,
,1463,
,1463,
,1483,
,1488,
,1485,
,1473,
,1503,
,1471,
,1492,
,1476,
,1497,
,1488,
,1497,
,1490,
,1521,
,1496,
,1503,
,1490,
,1490,
,1498,
,1490,
,1496,
,1518,
,1514,
,1484,
,1481,
,1478,
,1488,
,1484,
,1483,
,1469,
,1480,
,1456,
,1480,
,1463,
,1481,
,1470,
,1490,
,1480,
,1484,
,1463,
,1483,
,1474,
,1470,
,1480,
,1477,
,1469,
,1478,
,1490,
,1460,
,1474,
,1468,
,1506,
,1470,
,1494,
,1474,
,1492,
,1468,
,1488,
,1476,
,1486,
,1486,
,1497,
,1471,
,1490,
,1483,
,1485,
,1468,
,1477,
,1473,
,1483,
,1474,
,1485,
,1494,
,1478,
,1485,
,1468,
,1512,
,1468,
,1486,
,1477,
,1504,
,1473,
,1513,
,1480,
,1490,
,1474,
,1498,
,1478,
,1477,
,1490,
,1480,
,1466,
,1492,
,1485,
,1485,
,1488,
,1480,
,1498,
,1470,
,1478,
,1488,
,1496,
,1471,
,1492,
,1485,
,1508,
,1455,
,1492,
,1490,
,1492,
,1508,
,1498,
,1485,
,1483,
,1485,
,1477,
,1488,
,1485,
,1504,
,1477,
,1492,
,1485,
,1494,
,1492,
,1499,
,1496,
,1519,
,1483,
,1494,
,1501,
,1523,
,1478,
,1504,
,1483,
,1483,
,1471,
,1477,
,1456,
,1492,
,1480,
,1490,
,1488,
,1483,
,1488,
,1468,
,1478,
,1483,
,1484,
,1458,
,1477,
,1483,
,1523,
,1600,
,1700,
,2010,
,2089,
,2205,
,2082,
,1762,
,1455,
,1224,
,1207,
,1278,
,1319,
,1308,
,1335,
,1319,
,1352,
,1352,
,1366,
,1367,
,1383,
,1424,
,1387,
,1396,
,1400,
,1428,
,1429,
,1444,
,1455,
,1462,
,1452,
,1463,
,1462,
,1470,
,1453,
,1468,
,1462,
,1469,
,1480,
,1494,
,1485,
,1478,
,1490,
,1473,
,1488,
,1492,
,1504,
,1483,
,1494,
,1494,
,1504,
,1485,
,1504,
,1488,
,1516,
,1488,
,1503,
,1485,
,1506,
,1485,
,1492,
,1484,
,1490,
,1483,
,1477,
,1477,
,1474,
,1483,
,1467,
,1460,
,1456,
,1481,
,1473,
,1477,
,1480,
,1494,
,1476,
,1476,
,1462,
,1488,
,1455,
,1485,
,1474,
,1513,
,1470,
,1490,
,1473,
,1466,
,1476,
,1483,
,1473,
,1474,
,1488,
,1492,
,1502,
,1483,
,1492,
,1483,
,1466,
,1483,
,1504,
,1468,
,1473,
,1477,
,1494,
,1481,
,1498,
,1474,
,1498,
,1478,
,1504,
,1470,
,1476,
,1478,
,1498,
,1470,
,1481,
,1481,
,1478,
,1477,
,1483,
,1494,
,1483,
,1484,
,1480,
,1494,
,1463,
,1477,
,1483,
,1490,
,1467,
,1494,
,1504,
,1494,
,1488,
,1483,
,1474,
,1488,
,1490,
,1488,
,1481,
,1484,
,1502,
,1488,
,1483,
,1478,
,1504,
,1469,
,1477,
,1478,
,1492,
,1468,
,1504,
,1485,
,1514,
,1478,
,1490,
,1483,
,1496,
,1477,
,1487,
,1478,
,1494,
,1492,
,1513,
,1492,
,1508,
,1498,
,1488,
,1485,
,1485,
,1498,
,1488,
,1483,
,1483,
,1508,
,1478,
,1477,
,1483,
,1490,
,1453,
,1490,
,1483,
,1492,
,1478,
,1483,
,1478,
,1471,
,1460,
,1477,
,1473,
,1496,
,1521,
,1670,
,1894,
,2091,
,2384,
,2206,
,1899,
,1488,
,1292,
,1162,
,1236,
,1287,
,1311,
,1290,
,1312,
,1339,
,1338,
,1355,
,1370,
,1361,
,1393,
,1400,
,1419,
,1413,
,1428,
,1419,
,1430,
,1432,
,1444,
,1463,
,1445,
,1452,
,1452,
,1473,
,1455,
,1468,
,1468,
,1476,
,1455,
,1469,
,1474,
,1490,
,1484,
,1498,
,1483,
,1490,
,1494,
,1492,
,1496,
,1504,
,1498,
,1502,
,1496,
,1492,
,1502,
,1492,
,1494,
,1488,
,1504,
,1485,
,1490,
,1468,
,1498,
,1470,
,1496,
,1478,
,1492,
,1462,
,1485,
,1473,
,1485,
,1477,
,1484,
,1467,
,1481,
,1478,
,1478,
,1467,
,1477,
,1483,
,1474,
,1488,
,1490,
,1477,
,1458,
,1463,
,1483,
,1496,
,1474,
,1483,
,1467,
,1496,
,1478,
,1496,
,1483,
,1499,
,1480,
,1504,
,1474,
,1483,
,1512,
,1473,
,1488,
,1498,
,1492,
,1467,
,1478,
,1471,
,1514,
,1481,
,1514,
,1490,
,1483,
,1490,
,1490,
,1488,
,1508,
,1462,
,1494,
,1490,
,1490,
,1455,
,1470,
,1474,
,1494,
,1488,
,1496,
,1467,
,1492,
,1498,
,1483,
,1483,
,1463,
,1506,
,1468,
,1504,
,1488,
,1518,
,1477,
,1490,
,1474,
,1508,
,1464,
,1483,
,1467,
,1483,
,1484,
,1488,
,1483,
,1481,
,1483,
,1490,
,1483,
,1496,
,1508,
,1453,
,1473,
,1490,
,1498,
,1483,
,1494,
,1488,
,1518,
,1490,
,1506,
,1496,
,1508,
,1483,
,1512,
,1478,
,1497,
,1468,
,1494,
,1480,
,1478,
,1474,
,1478,
,1480,
,1490,
,1494,
,1483,
,1478,
,1468,
,1483,
,1466,
,1483,
,1483,
,1519,
,1588,
,1825,
,2142,
,2282,
,2246,
,2078,
,1582,
,1365,
,1178,
,1204,
,1279,
,1284,
,1308,
,1305,
,1325,
,1352,
,1353,
,1374,
,1366,
,1373,
,1402,
,1390,
,1419,
,1427,
,1444,
,1428,
,1432,
,1433,
,1441,
,1452,
,1470,
,1460,
,1469,
,1455,
,1463,
,1457,
,1468,
,1478,
,1477,
,1473,
,1496,
,1490,
,1483,
,1485,
,1480,
,1492,
,1483,
,1490,
,1485,
,1504,
,1485,
,1503,
,1488,
,1503,
,1535,
,1519,
,1494,
,1498,
,1502,
,1494,
,1496,
,1492,
,1481,
,1477,
,1484,
,1490,
,1486,
,1471,
,1468,
,1477,
,1483,
,1464,
,1469,
,1453,
,1492,
,1468,
,1488,
,1485,
,1494,
,1468,
,1488,
,1473,
,1492,
,1473,
,1483,
,1488,
,1498,
,1490,
,1490,
,1468,
,1466,
,1480,
,1504,
,1492,
,1490,
,1492,
,1470,
,1492,
,1485,
,1502,
,1477,
,1492,
,1478,
,1506,
,1477,
,1490,
,1473,
,1494,
,1483,
,1483,
,1476,
,1485,
,1485,
,1483,
,1480,
,1503,
,1503,
,1473,
,1480,
,1462,
,1488,
,1478,
,1485,
,1490,
,1508,
,1486,
,1483,
,1490,
,1502,
,1483,
,1492,
,1481,
,1494,
,1488,
,1485,
,1483,
,1490,
,1490,
,1490,
,1466,
,1477,
,1466,
,1488,
,1490,
,1492,
,1504,
,1469,
,1467,
,1485,
,1490,
,1469,
,1490,
,1484,
,1516,
,1490,
,1504,
,1494,
,1513,
,1496,
,1503,
,1490,
,1488,
,1483,
,1490,
,1492,
,1498,
,1506,
,1488,
,1462,
,1468,
,1483,
,1452,
,1488,
,1463,
,1488,
,1467,
,1480,
,1480,
,1503,
,1470,
,1503,
,1492,
,1529,
,1643,
,1895,
,2113,
,2222,
,2217,
,2053,
,1689,
,1396,
,1178,
,1153,
,1236,
,1285,
,1303,
,1303,
,1318,
,1326,
,1357,
,1330,
,1386,
,1383,
,1411,
,1401,
,1413,
,1393,
,1430,
,1412,
,1437,
,1424,
,1455,
,1453,
,1433,
,1443,
,1456,
,1457,
,1463,
,1468,
,1460,
,1477,
,1473,
,1480,
,1478,
,1483,
,1473,
,1503,
,1485,
,1503,
,1477,
,1516,
,1514,
,1490,
,1483,
,1506,
,1508,
,1509,
,1538,
,1519,
,1494,
,1469,
,1552,
,1469,
,1463,
,1548,
,1494,
,1478,
,1458,
,1455,
,1503,
,1463,
,1483,
,1452,
,1480,
,1456,
,1483,
,1467,
,1477,
,1466,
,1469,
,1463,
,1483,
,1467,
,1456,
,1456,
,1463,
,1492,
,1478,
,1480,
,1480,
,1478,
,1473,
,1481,
,1466,
,1492,
,1468,
,1480,
,1483,
,1496,
,1478,
,1490,
,1483,
,1506,
,1480,
,1496,
,1480,
,1488,
,1483,
,1496,
,1480,
,1490,
,1490,
,1483,
,1490,
,1477,
,1485,
,1481,
,1483,
,1477,
,1504,
,1473,
,1483,
,1468,
,1504,
,1468,
,1506,
,1485,
,1502,
,1490,
,1496,
,1476,
,1485,
,1483,
,1484,
,1480,
,1481,
,1494,
,1478,
,1485,
,1483,
,1509,
,1483,
,1497,
,1473,
,1498,
,1473,
,1503,
,1488,
,1508,
,1488,
,1490,
,1478,
,1473,
,1473,
,1503,
,1488,
,1504,
,1494,
,1494,
